,pid,px,py,pz,mx,my,mz,ex,ey,ez,delta p m,,,delta m e
0,ef03e569-2b50-4534-89f4-fb1e56e81461,-2243,-2000,-169,-1887,-2105.4,-190.7,-2089,-2050,-68,371.9086581,,,242.751828
1,7909c0aa-c074-4e19-aabf-b8167c682a5b,-1821,-2750,-27,-1812,-2618,-27,-1914,-2925,7,132.3064624,,,325.2829537
2,f4f45cff-c45c-413a-92ea-b6533e3e0019,-1829,250,-551,-1818,250,-581,-2094.813917,-132.1185529,-468,31.95309062,,,485.1902032
3,b89ca6e3-3d2c-4b3d-8d6b-8ef7dfb2b209,800,-7250,-956,819,-7261,-3716,836,-7350,-1493,2760.087317,,,2224.845837
4,7bc16ab1-1b0d-4f52-9e4b-210106ea344c,1245,-6250,-448,1232.5,-6242.5,-1178.2,1461,-6175,-843,730.3454936,,,411.2511884
5,39883ded-f5a2-4f4f-a98e-fb138eb8433e,2236,-6750,-1032,2217,-6753,-1488,1886,-6275,-943,456.4055214,,,796.9127932
6,55423355-281c-41f2-8ef7-5aa098ffbbed,-3430,-1750,-694,-3380,-1756,-920,-3614,-1600,-793,231.5426527,,,308.5790012
7,50f1512d-dd41-4a0c-b3ab-b0564f0424d7,-3430,-1750,-694,-2373.5,-2452.3,-306.1,-2514,-2825,-193,1326.606177,,,414.0496951
8,cf162e22-792b-4eef-9f98-0a436456ae04,2243,-2000,-169,2285.4,-2032.4,440.4,2261,-1975,-143,611.7318694,,,586.724535
9,de5d704c-4a5b-4fb0-b4af-71614c510a8b,832,-7000,-789,820,-7000,-2298,836,-7150,-1268,1509.047713,,,1040.987992
10,04db6b9e-a80c-4507-a98e-ad76294ac444,-846,-4750,-788,-722,-4781.8,-1057.7,-1064,-5250,-768,298.5386575,,,648.1522429
11,11f70c37-a546-439a-9fb7-da6b6ebfb0cb,2686,-6750,-1316,2686,-6750,-1316,2911,-6150,-1468,0,,,658.5810504
12,7332e6cf-9847-4aca-b2e3-d864989dd0fb,464,-5250,-931,463.5,-5170.7,-642.4,286,-5725,-568,299.2970097,,,586.762388
13,44f5caad-c703-4279-866b-0303e57d2a7f,-3154,-4000,-598,-2959.2,-3930,-616.5,-2939,-3900,-543,207.8203311,,,81.91635978
14,c250d4f4-7516-4cf1-a8bd-04873ca9e21c,493,-3750,-74,493,-3750,-74,-114,-3675,-993,0,,,1103.918022
15,bdb2ec51-d948-4428-b2cc-2c6cd5bf5fe3,-1294,-5500,-836,-1294,-5500,-836,-964,-5300,-768,0,,,391.8213879
16,f74a6b9a-b8a5-4c80-9c30-7dd4cdbb48c0,978,1750,-836,982.6,1775.1,-64.8,1136,1525,-843,771.6220642,,,831.6710948
17,dec6ad00-01c8-4bfd-bcdc-b37c5e0cdb0e,-1300,-500,-242,-1476.9,-660.6,-14.4,-1764,-1025,-143,329.9814086,,,481.4059929
18,0fcb5f66-4d56-4247-8413-aef51e484e67,-1300,-500,-242,0,0,0,1961,-5950,-893,1413.705769,,,6328.149018
19,eb81be5b-2614-4f3f-b087-a2ec4bba3187,-2371,750,-931,-2554.6,1074.6,-1157.8,-2839,1150,-1393,436.4772159,,,376.6796517
20,9241a007-33e7-4573-8292-eebd7a718e70,-2304,-4250,-265,-2517.8,-4220.9,2108,-2314,-4700,-693,2382.789594,,,2848.977404
21,69f546ce-a67c-4849-a7d4-6a90371baf8e,-2304,-4250,-265,-2162,1352,1435,-2389,1375,-1268,5855.985656,,,2712.612578
22,79b2e46e-e2ee-446e-b875-9aff03ef52d2,-1743,1000,-836,-1697.1,999.7,-759.8,-2099.091428,939.9441817,-943,88.95695588,,,445.7915497
23,b8dbd3af-a589-41e4-878c-3372eaa1a8f6,-804,750,-551,-776,706,-487,-1014,225,-418,82.55906976,,,541.0785525
24,18be19f9-6ca5-4fc8-9220-ba43c3e75905,-1304,-2750,68,-1321.3,-2750,53,-1039,-3100,132,22.89737976,,,456.5460437
25,1f3d3fcb-f188-47a2-87e5-ac1db6cf393a,-2243,-2000,-169,-2295.9,-2042.3,-484.1,-2239,-2525,-93,322.2975489,,,623.8558407
26,e8be67e4-d457-4e36-8ae4-5d324dc11c21,-3447,-250,-1074,-2593.8,-240.2,-874.4,-2539,-450,-518,876.2912986,,,417.1810638
27,1a276285-8b0e-4cc9-9f0a-a3a002978724,-2913,750,-1169,-2827.7,748.8,-1244.1,-2914,550,-1093,113.6553562,,,264.1975397
28,da8dfec1-d265-44e8-84ce-6ae9c109b8bd,978,250,-455,960,235,-455,586,575,-543,23.43074903,,,513.0497052
29,c84144db-4498-4627-b72a-975a6b618715,-2704,-3000,-265,-2707.7,-3042.1,-675.8,-2739,-3000,-268,412.968207,,,411.1604796
30,2122d807-13ab-494e-a1cc-e55cf24d3e9f,-1781,0,-455,-1574.1,0,731,-1614,-25,-393,1203.911795,,,1124.985782
31,117f0d28-3cc0-4837-9e3e-46db5bc3e662,-1781,0,-455,-3141.2,-0.5,-1328.9,-3114,-25,-968,1616.739156,,,362.7518436
32,e49f221d-399d-4297-bb7d-2d23cc0e4acc,-1781,0,-455,-2200,-2000,0,-2214,-1750,-143,2093.462682,,,288.3487472
33,aecd7612-b5c5-4ad2-9e76-e5b783387e47,986,-5250,-858,-960,-5261.7,1376.9,1186,-5150,-818,2963.415411,,,3071.706187
34,fcc167d6-cb53-4dc7-a58f-06a53cfabc84,-1300,-4500,-242,-1300,-4500,-242,-1414,-4100,-168,0,,,422.4594655
35,5a34d971-1cb3-4f0e-8dfe-e51e2313a668,-800,2500,-1169,-800,2500,-1067,-1016.647489,2701.928197,-1318,102,,,388.2166033
36,d8c7d3f2-f8e7-451d-bca1-7800f4ef52ed,-800,2500,-1169,0,0,0,2436,-6900,-1568,2873.42322,,,7483.496509
37,0a0184b3-9e1a-4c36-98f4-00ae3beb8f01,-3405,-4250,-836,-3345.1,-4256.6,-1809.9,-3514,-3850,-868,975.7626658,,,1039.724185
38,b749446c-18e3-4987-820a-50649ab0f826,-2243,-2000,-169,-2252.2,-2023.2,0,-2214,-1900,-118,170.8329008,,,174.8184201
39,76999963-9a37-49f7-9cc1-c5aa1e6faba0,978,-750,-170,952.3,-664.1,-169,520.6185266,-698.3892595,-143,89.66771994,,,433.8209859
40,366dabe3-2790-4511-a7dc-023a1ad9df75,2687,-6250,-1217,2687,-6250,-1217,2136,-6050,-993,0,,,627.5165336
41,0c42a3d2-beb7-4b7b-a9b5-1eea6c51e1f4,-800,0,-384,-834,-61,434,-839,25,-343,820.9756391,,,781.760833
42,b98f6b89-3de4-4295-be1c-59e465de1e32,-3447,-750,-931,-3461.9,-755.9,818.7,-3639,-475,-1118,1749.773388,,,1964.962114
43,cde137a5-7a93-4968-ab61-5aedbd9ce3fb,920,-4750,-788,920,-4750,-788,661,-4850,-868,0,,,288.9307876
44,a6fe3779-2b77-4b66-a625-a6078720e412,-2243,-2500,-122,-2243,-2500,-122,-2339,-2450,-118,0,,,108.3143573
45,62a97aee-9f8b-40be-9ea7-f785ede30df8,-1294,3000,-1316,-1063.7,3090.4,-156.8,-1364,3025,-1568,1185.30793,,,1444.279298
46,779fbed1-4b0e-4d7d-8882-6650690221a0,-1313,-750,-170,-1313,-750,-170,-1714,-575,-218,0,,,440.1477025
47,ce9717aa-04eb-40b8-b695-58644d25ddbb,-1313,-750,-170,-1493,-4378,-929,-1464,-4225,-243,3710.911613,,,703.4529124
48,fe41986d-4966-4a77-af7e-e7f71c25aec5,-800,-3750,-51,-800,-3749.9,-377.6,-839,-3700,-43,326.6000153,,,340.5409961
49,a3ebc7f4-813a-4f06-a33e-9825c878f9c2,1000,-3750,-51,1000,-3750,-51,961,-3875,-93,0,,,137.5136357
50,cab81176-36cd-4c37-9353-841e85027d36,-2717,-4500,-551,-2717,-4500,-551,-3139,-4550,-968,0,,,595.3763516
51,39b433d0-ec60-460f-8002-a393d81620a4,-804,-5250,-836,-1047,-5241,-727,-1664,-5325,-1068,266.4788922,,,709.9478854
52,e52942b9-62b8-4cbf-9597-d73aea5cdb3e,787,-6250,-646,818.2,-6424.7,-945.7,1086,-6400,-843,348.3010479,,,287.8788287
53,e17db2b6-b778-4e2a-845c-c4d040b0c875,-679,-4500,-694,-679,-4500,-1176,-964,-4850,-868,482,,,546.4329785
54,450cea3b-9289-4708-9df2-a2518bdc4b59,-1281,1500,-836,-1281.1,1500.1,-690.7,-1539,1075,-793,145.3000688,,,507.6295007
55,c85d4ad5-6df3-461a-8a55-6531afd4c7e8,-3413,-3750,-693,-3412.8,-3749.9,-1639.4,-3514,-4200,-1043,946.4000264,,,754.0055769
56,f703e521-7cd1-440a-a22d-71eb253e6c42,-3413,-3750,-693,-1067.4,-3997.5,-827.6,-1502.397799,-3958.348461,-93,2362.459051,,,854.6303811
57,9991277b-9e8e-4db8-b8a6-e2c0176ef9ad,-800,-5500,-813,-800,-5442.2,-917.3,-964,-5800,-668,119.2448322,,,465.9048508
58,f5a89b48-fe42-43c5-a33c-c4cc39b8a279,-2355,-1250,-313,-2354.8,-1155.2,673,-2689,-925,-443,990.5468591,,,1187.492181
59,6c8eb20d-2f70-4497-96aa-821b2be7ea49,978,750,-598,978,750,-684.8,786,625,-543,86.8,,,269.4368943
60,e88eb9f8-fff3-469a-854d-d16adef19df0,-1300,0,-384,-1254.5,0,-284.9,-1339,-400,-218,109.046137,,,414.2654463
61,516b2043-0176-49a3-a986-132b3d02f28a,978,1250,-693,979.6,1293.2,-295.2,961,1200,-718,400.1420248,,,433.3497894
62,63679ae2-6c87-495b-b888-a7273e545636,-2514,-5500,-1880,-2514,-5500,-1880,-2364,-5700,-1043,0,,,873.5382075
63,c42574be-0456-437f-8329-afc5a63b7e78,-804,250,-408,-810,252.4,-358.5,-1039,-175,-293,49.92003606,,,489.2872469
64,179ce6d0-e348-4257-b718-e58dd4134589,1000,-3250,44,1047.9,-2969.1,-1293.4,811,-3575,7,1367.420191,,,1454.055219
65,03c42ea1-1e04-4a3e-9b04-46d8568dcd02,2670,-5750,-1408,2670,-5750,-1408,2611,-5350,-1393,0,,,404.6059812
66,96fe2729-b5a2-4e77-92bb-9df410144768,-804,-250,-265,-847.9,-236.2,-28.4,-1189,250,-443,241.0336284,,,724.3154078
67,48c02db0-107e-4413-ae6a-60793ec7cc14,-804,-250,-265,0,0,0,-2239,2875,-1893,882.6896397,,,4106.360311
68,b375a0ee-4c5a-4a53-9cea-d753f206e5c5,-1300,0,-384,-1300,0,-384,-1264,25,-368,0,,,46.65833259
69,aec2b14f-5dbc-400b-bf2e-dd13e711e2ff,-3141,-1500,-598,0,0,0,-3164,-1225,-593,3531.782128,,,3444.295284
70,fdee56fb-6cf4-4376-8194-ff0c6ae90c58,1000,-3250,44,981.3,-3491.7,-1482.9,961,-3575,32,1546.024641,,,1517.324286
71,5810514e-2a86-4a34-b7bd-1e4b0b601295,-2243,-1000,-312,-2163.1,-1121.9,-15.5,-2114,-1175,-193,330.3874544,,,191.6681246
72,97207d87-3fcd-4ebb-b0c7-087bdbf8a95c,-1781,-4000,-122,-1758.9,-4002,29.2,-1864,-3825,-93,152.819665,,,239.3905804
73,1ef94d02-d51a-491f-a313-1bb5238d6b8b,-1321,1250,-741,-1321,1250,-741,-1164,1650,-893,0,,,455.7992979
74,63435e73-6a72-4007-b0da-03e6473e6870,-3975,-4000,-1264,-4101.3,-3904.1,-1787.9,-4239,-3500,-1443,547.3752917,,,548.8297641
75,88fe9ed9-9e3e-431a-8ecc-4cb2fe5bf448,-3360,-4500,-1884,-3500,-4479,-1884,-2939,-4650,-918,141.5662389,,,1130.096456
76,220bca21-4cf8-43f1-a213-71645899c571,-2704,-2500,-265,-2733,-2461.9,-338.2,-2714,-2325,-243,87.46913741,,,167.8262494
77,f6aad04f-d47c-434f-abec-bd39adec6908,1304,-2250,68,1118,-2268,0,-1668.249704,-2976.590308,57,198.8567323,,,2875.506328
78,3675290c-8134-4598-b924-83edb7940269,-1300,-3750,-51,-1041,-3888,0,-789,-3925,-193,297.8690988,,,319.5653298
79,ee537153-e8a7-49de-a567-5b22261349e2,806,-6500,-598,799,-6500,-598,886,-5800,-693,7,,,711.754171
80,8f1d5aad-8c1f-4e81-869a-5a1ab1bf53b2,-2243,-2000,-169,-2216.4,-2022.8,-456.2,-2589,-1800,-243,289.3289477,,,483.6577716
81,1e890a6a-b944-47d7-958c-c84481ade224,-2514,-5500,-1880,-2594.5,-5574.7,1295,-2314,-5700,-1018,3176.898698,,,2333.312954
82,43436b4b-0431-407f-b83d-d657ec22b5c6,-1781,-3500,-27,-1784.3,-3500.5,-1724.2,-1964,-3725,-93,1697.203282,,,1656.353157
83,8d661567-49f3-4547-997d-a345c0ffe2dd,-4022,-1250,-1264,-3959.8,-1076.6,-2025.5,-4164,-875,-1468,783.4657938,,,627.0139153
84,03d2d8d1-a116-4763-8425-4ef7b1c1bd35,-2405,1750,-1360,-2409.7,1748,-984.5,-2664,1575,-1518,375.5347387,,,615.8082007
85,1841cf1f-725d-499e-ab8e-7f6fc8c308b6,-2338,-3250,-170,-2358.2,-3250.1,-335.2,-2789,-3000,-293,166.4304359,,,499.9194835
86,9bca04fe-40bf-467a-8f85-b0521a0ba513,300,-6500,-575,380.4,-6460.9,0,761,-6075,-593,581.9089018,,,803.3829535
87,0a9800bb-b4a3-4162-b6a8-79a07c6131cc,-2896,-750,-645,-2773.6,-602.4,930.7,-2864,-700,-593,1587.324167,,,1529.496522
88,9e44ddb5-7c7c-48f1-954a-6cec2ad26088,-2896,-750,-645,-2003,-2216,895,-2364,-2175,-143,2306.123371,,,1099.748153
89,bdd57835-38b0-46ff-acda-45e14b8d6293,-804,-1250,-27,-826.3,-1363.7,-157.5,-1689,-1750,7,174.5142688,,,959.4473566
90,0d59e3a1-86c1-44bd-b291-d1f8bc8327ba,-2725.7,-3500,-312,-2725.7,-3564.8,508.1,-2714,-3500,-343,822.6560946,,,853.6434502
91,8b735d77-b77b-4243-8821-37802bf402fe,-3997,-4259,-1359,-3946.7,-4236.3,1886,-3939,-3900,-1293,3245.469208,,,3196.748032
92,786cc6e3-2aa4-4afb-be8f-5d60f80b30b1,3000,-800,-1336,3000,-800,-1105,-764,3100,-1618,231,,,5444.342476
93,fa539f97-a078-4fc6-9a12-237799466d9c,-2243,-3000,-122,-2586,-2208,0,-2826.32018,-3106.435535,-318,871.6633524,,,982.8856494
94,621ca6ee-17e8-4953-b107-c5d4b4161eb4,300,-7000,-670,-469.1,-6974.8,2142,536,-7375,-1418,2915.389142,,,3720.750737
95,826733f9-5634-422e-ad96-c28cb61b4df3,-2243,-2500,-122,-2258,-2496.5,-506.9,-2339,-2375,-118,385.2080736,,,415.4111939
96,38981973-20de-44e5-8717-efcf88642502,-2243,-2500,-122,2528.7,-5124.1,-2373.2,2536,-5400,-1293,5892.615984,,,1114.901852
97,28d5d3fa-bae7-499c-9362-7328ed2ff0d0,-1950,-2600,0,-1950,-2650,0,-2482.928787,-2394.96219,-168,50,,,614.2323476
98,ae47844e-636f-4f8e-aff8-c6fe8213675b,493,-2250,69,504.3,-2250.9,932.2,322.3306664,-1993.245516,57,863.2744291,,,930.3083958
99,3220377b-f53e-412d-a859-ef8ccb8f0a40,478,-750,-170,469.7,-669,-454.7,364.8427603,-1576.518613,7,296.1148088,,,1023.59756
100,1d547041-230a-4af3-ba6a-7287de2bdec3,-717,-5000,-836,-828,-5057.5,1190.5,-589,-5275,-793,2030.352063,,,2009.651587
101,31dfa577-0a6c-41c0-ab8f-ad592ae2c6b1,-2243,0,-598,-2163,0,-2000,-2164,0,-543,1404.280599,,,1457.000343
102,5e523a84-1045-4f79-9998-d860096eb329,-2230,500,-789,-2265,526.7,-687.6,-2481.059492,649.7407156,-943,110.5434304,,,356.4405723
103,e8129a86-b5a9-4d2e-9e9c-09689c9bf0b3,-1304,-2250,68,-1283,-2222,-101,-1267.665846,-2098.130724,107,172.5862103,,,242.5752128
104,825ba9b8-ce03-49b7-b1a8-4d85ae2185af,-1300,-4250,-242,-1733.7,-4267.4,1352.6,-2014,-4625,-568,1652.61841,,,1973.613491
105,aae65ecf-6904-4102-8efc-51dc0f0698a4,-2704,-2000,-312,-2475,-2046,0,-2696.859756,-1635.389198,-318,389.7447883,,,564.7539126
106,26af22bb-b295-4a45-8ed3-1700604c0708,-1281,1000,-693,-1016.5,1035.3,0,-964,1300,-743,742.6003905,,,790.4880391
107,8abf098f-d4f6-4957-9c0a-f53685db74cc,-2243,-2000,-169,-2127.1,-2004.1,571,-2239,-2075,-118,749.0324559,,,701.6191417
108,41ea689a-7e05-463b-915a-90e63b8c0572,-2947,1250,-1455,-2837.2,1365.6,1250,-2589,1525,-1443,2709.694522,,,2709.106975
109,fe2d6fc9-b0c4-4256-b427-9c06950da925,-1781,-3500,-27,-1517,-3653,0,-889,-3250,107,306.3233586,,,753.8182805
110,6a22a5b4-79ec-4b3c-b023-1ec7b4a2b675,-800,1500,-765,-578.9,1375,0,-584.4903559,1563.565115,-868,806.0615423,,,888.2635052
111,cde1bff5-9519-4bc0-9a21-6b9c40de1085,-1294,-2500,68,-1294,-2500,0,-1246.530561,-2155.788306,107,68,,,363.5712284
112,afecbc7f-10e3-40af-b091-cca9e8df6108,-3997,-4250,-1359,-3996.8,-4250,-2086,-3614,-4300,-1193,727.0000275,,,972.8745243
113,84b29fd0-2a50-4e09-9898-aec0d63433b7,-800,-2000,44,-800,-2000,-100,-759.300904,-2114.315062,157,144,,,284.2065267
114,16799c7a-e395-435d-a4c4-a678007e1550,420,2750,-1359,346.3,2848,1170.6,511,3275,-1818,2532.570206,,,3023.439275
115,eda007e4-c91b-47d7-9896-95f083df6ffc,-1794,-5000,-550,-2061,-5070.6,1323,-1489,-5300,-918,1893.251795,,,2324.196498
116,01937b3b-8719-43c3-b5bd-14e6b0cf2802,1771,-6750,6090,1682,-6454.5,1268,1711,-5825,-868,4831.865608,,,2227.017568
117,b7612153-372f-415a-9770-7101fbbbdc59,-2255,-500,-408,-2255,-500,-408,-2189,-475,-368,0,,,81.12336285
118,cc9d666c-6fe5-418d-9b37-114428d25454,-1768,-3000,-27,-1639.8,-2967.2,241,-1989,-2725,-18,298.8897456,,,497.6770841
119,ad315779-2b39-46c4-8348-b166e796fa7c,1281,2500,-1169,1244,2459.4,-1046,936,2275,-1093,134.7084259,,,362.0446934
120,19c9caea-2df8-4097-92f8-0a2bad055948,-2355,-250,-551,-2355,-250,-551,-3164,-300,-868,0,,,870.3275246
121,7beb9419-113d-4e47-938c-68ab2657031e,-800,-1500,-4,-808,-1510,-619,-912.4129369,-1544.695669,82,615.1333189,,,709.5821664
122,ad5277e5-933d-45e4-bade-c9bd0e1f144a,-3447,-250,-1074,-3853.5,-389.7,1628.3,-3639,-3625,-893,2736.271849,,,4107.326385
123,10ef1dcd-093c-4839-8f38-90a25edefb49,-794,-4000,-74,-737.5,-4000.2,980,-1114,-4000,-143,1055.513283,,,1184.432898
124,ae252f7b-0224-4925-8174-7b25c2385bb7,-2243,-2000,-169,-2282.1,-1836.4,-763,-2444.719113,-1695.748681,-218,617.3570847,,,585.877777
125,588070f0-b2a1-4d55-8946-66d1a37c7586,-1755,3000,-1503,-1667.5,2967.4,1396,-1364,3300,-1793,2900.503406,,,3220.629754
126,cf4f855f-0d61-4cbb-aa3f-145e90caae74,-800,-3750,-51,-660,-3816,0,-1217.231863,-3940.841866,-118,162.963186,,,583.1096301
127,a1b87882-4a77-403f-9f48-4615e7662d56,493,-1250,-27,593.6,-1481.2,-160.6,336,-1825,57,285.3467364,,,481.5661533
128,2c401cbd-b95c-4ebe-8a83-92b55ab49542,-2192,3000,-1740,-2395.7,2984.2,-1257.9,-2314,3025,-2068,523.6064744,,,815.2309734
129,51ed2573-9357-43fc-9841-67e9590811c4,-2246,-2000,-169,-2246,-2000,-169,-2013.147053,-1972.302983,-43,0,,,266.2022162
130,1df6ebb3-9d16-4c0f-96cc-e1b1596d2006,-4006,-2250,-1074,-3837.4,-2124.1,-1306.7,-4214,-2075,-1243,313.7292782,,,385.0922747
131,5246af08-0730-40f7-83de-29b5d62b9b6d,-2243,-2000,-169,-2243.1,-1999.8,-361,-2352.183836,-2387.414937,-143,192.0001302,,,457.8958641
132,4c04120d-523a-4795-ba8f-49dbb8d9f63a,2243,-2000,-169,2239.5,-2360.2,-477.1,2092.058732,-1995.759806,-93,474.0062236,,,549.6256839
133,e8f9fba4-d151-4b00-bee7-447f0f3e752c,-1313,-1250,-75,-1317,-1253,-254,-1439,-1425,7,179.0698188,,,335.5428438
134,7c167d19-7b70-45bf-b0e8-9035227a359e,-3360,-4500,-1884,0,0,0,-3589,-3825,-918,5923.601607,,,5324.872768
135,57656bee-e32e-4848-b924-0f6f18cfdfb1,-2243,-2000,-169,-2382.3,-1753.9,-754.2,-2114,-2250,-43,649.9451823,,,907.6924259
136,ec7ebf8c-63a2-4f2b-8305-7291364f5c44,-3577,-2000,-789,-3475.9,-2063.7,-568.1,-3789,-2850,-868,251.1487806,,,897.9082971
137,6d3b68e0-3efd-4b03-b747-16e44118a0a9,986,-1250,-49,953.7,-1533.4,-211.1,647.7913179,-1812.806127,107,328.0781309,,,522.3365924
138,d3b3c9a7-cf6a-4d25-b8da-e0f599a26191,493,-2250,69,596,-2376,270,711,-1975,157,258.6232781,,,432.1978714
139,20469b30-1cd8-4078-9883-a840a0f6d787,-1281,2000,-979,-931,2164,1221.3,-1014,2925,-1443,2233.991068,,,2772.093882
140,f698f893-da01-49a1-ae4b-16f7e42e5ff5,-1281,2000,-979,0,0,0,-3964,-3675,-1218,2568.930128,,,5540.978704
141,b549e337-acc5-4837-9c56-e53b173fe5fe,-813,1750,-836,-1010.1,2163.8,608,-1114,2725,-1343,1514.99665,,,2032.766994
142,bef552f5-efd8-4e98-8467-d54ac7c4ef41,-1855,1250,-932,-1833,1250,-1747,-2089,1750,-1243,815.2968784,,,754.68669
143,53ecbf4f-e0d8-4fe6-a852-8b934a37a1c2,1300,-3500,44,1255,-3503,0,1361,-3400,57,63.00793601,,,158.4108582
144,e53c4dea-7ac7-43d5-ae74-34957fcfe01d,-1294,-2500,68,-1294.1,-2499.8,-374.1,-1411.326196,-2368.394564,107,442.1000565,,,512.3149223
145,3fd2d2b3-9415-4b6e-b392-40427fb1c388,-1321,1250,-741,-1372,1365,-1219,-1869.911752,1833.418077,-1168,494.2772501,,,685.5163071
146,176b4fe3-f570-4d9f-9e25-a5d218f75c8b,-1321,1250,-741,0,0,0,-2514,-4400,-543,1963.828404,,,5096.571887
147,56f2a378-78d2-4132-b3c8-8c1ba82be598,-2704,-2500,-265,-2704,-2500,0,-2789.055882,-2077.449736,-293,265,,,521.1834887
148,baf6ed8a-6c44-459f-8582-2be8d0e0bbc4,-600,-1725,40,-600,-1725,0,-1139.642281,-1850.231659,107,40,,,564.2213751
149,5b9ce60c-dcc9-4789-b2ff-29d873829fa5,-2000,-2250,-100,-2346,-2750,-169,-2583.703072,-2116.32928,-218,611.945259,,,678.5590109
150,b543e81e-4c8f-415e-82ec-631b177d19d2,-800,-3500,0,-1065,-3501,0,-1367.569382,-3478.475309,57,265.0018868,,,308.7144195
151,3a37fb5c-3e96-4a0e-ac63-2eeec6744588,300,-6500,-575,294,-6349,-1783,361,-6800,-843,1217.415706,,,1044.743988
152,f89a58d3-2492-4b54-ac46-2e96932483d5,-4006,-2250,-1074,-3998,-2232,-1727,-4112.361622,-2746.050508,-1143,653.2970228,,,786.3730068
153,727ff7c4-d63f-4bd8-9888-f134a25b874f,500,-3250,44,218.8,3359,13.6,661,-2550,157,6615.049403,,,5927.257831
154,58b271d5-f728-4de8-b2ae-51908931247c,1370,-7000,-932,1310,-6946,-932,1361,-7050,-1418,80.72174428,,,499.6128501
155,91fb4ed3-ee27-4d7e-ba5d-f61202ed9884,-3997,-3250,-1074,-3879.8,-3209.4,-1230.6,-3789,-3375,-943,199.7692669,,,344.0665052
156,bfda40f8-a7a7-47cd-a439-39fb5cd7873f,-1714,-5500,-1133,-1714,-5500,-1133,-1789,-5575,-993,0,,,175.6416807
157,814de925-fd6a-4f63-9070-3da78243e246,-1800,-600,0,-1800,-1600,0,-1664,-1100,-93,1000,,,526.4456287
158,262337f9-2cff-4dc0-8b1b-65b34bb41d5e,-800,2000,-908,-800,1000,0,-458.9747827,2252.154442,-1218,1350.727212,,,1779.806996
159,0e8d3cb3-2e4c-47a0-8bb4-65d2cc3161c6,-1300,-500,-242,-1300,-500,-242,-1464,-400,-243,0,,,192.0859183
160,84fd7fa3-6c2d-4233-b265-46a427d3d68d,-2243,-2000,-169,-2078,-2043.8,-54.7,-2214,-1225,-193,205.4456863,,,841.4608309
161,9657af01-50bd-4120-8303-416ad9e24a51,-2243,-2000,-169,-2257,-2009.4,-649.3,-2289,-1800,-143,480.5959322,,,548.8278874
162,5d5db50a-f83d-4599-92d4-7a37fe26b674,-800,-1750,44,-800,-2250,92,-768.2867839,-1854.024425,107,502.2987159,,,397.5265829
163,3bd1f88b-4e0c-43a6-9483-3305e82f2fae,-2268,-4500,-360,-2718.5,-4447.9,-993.9,-2826.547807,-4494.332266,-768,779.418931,,,254.6784127
164,ca5764ea-a57e-49de-8156-84da18ad439f,-2243,-2000,-169,-2049.6,-2160.2,-468.4,-2151.994108,-2163.42774,-68,390.7786586,,,413.2978728
165,0addf195-9341-4a03-b8cc-b43beb7873b0,493,-3750,-74,493,-3749.9,-487.3,199.3353134,-3950.28016,-793,413.3000121,,,468.8748733
166,e10a7a75-4740-41d1-82bb-7696ed14c442,1781,-4000,-122,1795.9,-3655,-181.4,2067.800324,-4122.281032,-293,350.3931649,,,552.0289026
167,98bde8a6-6b6a-4e53-96b1-9078c3974a97,-3464,1500,-2019,-3464.1,1500.1,-1855.4,-3814,1200,-2318,163.6000611,,,653.0610844
168,1f555fc6-5067-428b-a284-da6fb0b6b3a0,-2268,-4500,-360,-2268,-4500,-360,-2664,-4025,-443,0,,,623.9631399
169,8d0a5caf-2be2-48c1-bf1a-f538bacd46b4,300,-6000,-670,303.7,-6005.9,-458.3,686,-6150,-593,211.8145179,,,430.1885517
170,154b7adb-c947-4b65-a0ff-c0bb707e1564,-2300,-4750,-527,-2303.5,-4850,-1469.8,-2867.858487,-5496.239068,-1368,948.0949794,,,863.9957609
171,6c897616-f03c-442c-acd8-109fd97ba463,-2888,-1750,-455,-2863.3,-1734.5,-452.6,-3514,-2525,-643,29.25918659,,,1041.418696
172,e55266c7-eb05-47bb-b263-1cc08dc3c00c,2243,-2000,-169,2236.5,-1969.8,-181.2,1861,-1900,-43,33.21340091,,,406.1668746
173,cb1c4327-5f5e-4286-85ed-840c85e82792,1745,-6250,-884,1741,-6242,-2455,1886,-6550,-1118,1571.025461,,,1379.658653
174,68c98fb2-402b-4670-9b3b-0c77619998ea,-2346,-2750,-169,-2278.2,-2719.1,-1049.7,-2024.812877,-3360.152281,-43,883.8462197,,,1220.081125
175,fb76fd5c-0b91-41f2-9b94-0f64b62396cb,-800,-1750,44,-1038.4,-1746.6,-579.2,-1368.22713,-1829.633509,57,667.2513469,,,721.4089959
176,0f682180-4e80-46e9-86ac-8292bdf40400,-2243,-1000,-312,-2187,-1061.3,-479.8,-1796.48992,-875.5681153,-143,187.2178677,,,548.1137613
177,b7c57ce1-a75b-410a-94b6-8abee5a92c4f,-794,-4000,-74,-794.1,-4000.2,-187.1,-764,-4250,-718,113.100221,,,587.5039234
178,d6c810b2-5922-4127-af2b-4b104bc55c2b,-3154,-3000,-455,-2930.1,-2809.8,-1087.8,-2632.291218,-3602.670972,-318,697.6697571,,,1144.520201
179,8413c5c6-b42b-4ec6-b751-881a54413628,-2243,-2000,-169,-2243.5,-2000,-458,-2276.392997,-2237.763162,-93,289.0004325,,,436.8503982
180,3c15054d-9a26-40cc-af3b-d11b1cfe2212,787,-6250,-646,837.9,-6268.4,-860,1261,-6325,-918,220.7382386,,,430.79133
181,1e104bf4-7a24-4624-a5b2-c2c8289c0de7,-2346,-2250,-169,-2302,-2577,-169,-3039,-2125,-393,329.9469654,,,893.1119751
182,b40d8c65-7ee8-4069-8b64-1a3f7907742f,-2243,-3000,-122,-2243,-3000,-122,-2230.042354,-3191.142555,-118,0,,,191.6230073
183,784c5282-2749-48ca-b211-100d0b24e29b,-2243,-3000,-122,-1413,-5506,-767,-1214,-5125,-793,2717.528473,,,430.625127
184,b78b3c42-eee5-47c6-9717-743b78c0b721,-3154,-3500,-503,-3161,-3513,-624,-3339,-3300,-593,121.8974979,,,279.3098638
185,54c8f5de-83d7-49b9-9b4c-67fe0f07289b,-3577,-3000,-741,-3582.5,-2998.4,-1155.8,-3514,-3325,-718,414.8395473,,,550.4803811
186,521d4f09-e044-4da7-82dd-7db7b1dea72b,-800,-2500,92,-813.7,-2591,-317.8,-929.828097,-2775.493748,157,420.0056309,,,522.4545127
187,71ea989a-2e1a-4022-aff5-fcfe9a2c9452,-3154,-3500,-503,-3154,-3500,-503,-3114,-3450,-493,0,,,64.80740698
188,da57bb3a-b0f2-465d-a5fc-cc84341450b0,-3154,-3500,-503,0,0,0,-2839,-4650,-843,4738.219602,,,5512.991021
189,c9664185-d3fd-4e0e-89cf-77c402038938,-2846,-4250,-503,-2845.4,-4143.8,-905.6,-2790.240425,-4208.074469,-593,416.3719011,,,323.8711874
190,4f10fbb7-57be-427b-bb1d-a19bd31dc27b,-3577,-2500,0,-3500,-2300,0,-3514,-1850,-693,214.3105224,,,826.4048645
191,30ac1320-d671-46fc-87ef-875cdfc6b4eb,-3577,-2500,0,-805.9,-1837.4,-572.8,-739,-1400,57,2906.22329,,,769.7028063
192,9338f8bb-e097-46d8-81b4-7f37beb4d308,-3577,-2500,0,0,0,0,-2264,-1500,-193,4364.04961,,,2722.6724
193,0179fc61-0a82-4e2b-b6e6-8b44efd23744,-1781,-1000,-169,-2243,-2000,0,-2049.765287,-1003.26495,-193,1114.452781,,,1033.474438
194,4e6dfe08-cab0-4a05-903b-94283cb9f8e7,-717,-5000,-836,-717,-4999.8,-626.9,-464,-5375,-843,209.1000956,,,501.4810565
195,5a4740a3-8e93-495d-b6cf-83dccba01d7a,1271,-5750,-836,1428,-6125,-1015,1261,-6000,-893,444.2015308,,,241.6567814
196,30dfb8c6-9202-43fd-a92d-19fe68602b6f,2421,-6000,-1122,1652.3,-6300.2,-1531.5,1911,-6250,-943,921.2545685,,,644.8084832
197,f4bd76a6-66c9-41f3-9311-6962315f8fc8,-2243,-2000,-169,-2096,-2173,-586,-2264,-1700,-143,474.7915332,,,669.4789018
198,d9eef6fb-1fcc-4850-938d-af183d8f9f19,-800,1000,-622,-800,1000,0,-1275.791989,805.8698974,-643,622,,,823.1120908
199,06d42449-d6ac-4c35-8f85-24ecfbc08bc1,-3141,-500,-836,-3049,-852,-1241,-2864,-375,-693,544.4198747,,,749.7052754
200,dc50c3de-5d84-4408-9725-22ae55b93522,-2243,-2000,-169,-2000,-2000,-169,-1946.699965,-2175.453109,-18,243,,,237.5409168
201,0925fb1b-cf83-4f55-bfb7-aa52f993a404,-2730,-5000,-789,-2730,-5000,-789,-2989,-4900,-1268,0,,,553.6442901
202,72c095b0-c7ab-4e22-a4aa-4163102de553,2670,-5750,-1408,2671,-5737,-1851,2811,-5750,-1468,443.1918321,,,407.992647
203,0dfc64c5-80bc-43b6-a7c4-2fb6e638e9f3,-2371,750,-931,-2374.9,748.3,-926.7,-2564,625,-968,6.048966854,,,229.493769
204,ad2b7307-95e7-4c86-9d00-cca859732525,-1768,-1500,-122,-1690.7,-1499.9,-757.7,-1286.320205,-1497.693874,7,640.3825341,,,865.0398692
205,09cd7ab9-f8cd-4bd4-bcd6-64f57eedea46,-1300,-3250,44,-1299.9,-3249.9,-2239.3,-1826.538357,-3365.015821,-18,2283.300004,,,2285.776302
206,f9b2e36b-eef8-402f-b121-786dfed58bcb,-1300,-3500,44,-1300.1,-3500.9,-1091.2,-1514,-3650,-18,1135.200361,,,1104.419422
207,1bd85dab-7a53-49d1-acd4-e82f9fd07cf6,-1813,-3250,-27,-1820.3,-3258.4,-1356.7,-2389,-3475,-193,1329.74657,,,1313.214735
208,869bac48-ad1b-46b8-be00-cf6b26aea40e,300,-6000,-670,289,-5965,-1610,411,-6550,-743,940.715685,,,1052.994777
209,437f43e1-9c8f-4be9-ac89-97885b0e03d0,-2281,-5000,-598,-2061.1,-5070.6,1323,-1489,-5300,-918,1934.83368,,,2324.22111
210,7b05cccc-44f6-4491-a0ea-e38d6e95513d,-2192,1500,-1169,-2091.1,1441.5,-1582.2,-2589,1200,-1293,429.3451991,,,624.3903427
211,5011eba9-8926-4a73-b729-579d02676d25,-2192,2000,-1312,-2185.6,2018.5,-768.6,-2364,1800,-1418,543.7524896,,,708.0177752
212,ef33604f-93e8-43f3-a56c-e969579775e8,-800,-2250,92,-800,-2250,0,-1132.940045,-2394.519945,157,92,,,395.4542806
213,05ec6af9-6c83-422d-91a3-ba815fa65e92,3136,-6250,-1502,2948.5,-6222.8,-2270.2,3211,-6400,-1843,791.2188888,,,531.7950075
214,19baa84c-22a5-4589-9cbd-c23f111c054c,-2243,-2000,-169,-2243,-2000,0,-2301.02538,-2169.605205,-118,169,,,214.6086443
215,d595ee58-75bb-4df3-96de-d9b4f4d1f6ab,-800,-3000,92,-387,-3244,0,-755.6850473,-3838.187889,-143,488.4352567,,,713.748493
216,c17772a9-21b5-49df-ab31-3017addea12e,-2243,-2000,-169,-2249,-2029,-294,-2264,-1975,-143,128.4601105,,,161.0652042
217,c2184312-2421-492b-bbee-e8c8e982e49e,-679,-4500,-694,-679,-4500,-694,-889,-4450,-818,0,,,248.9497941
218,55001cb4-e10f-4657-9760-1228b590a69c,-800,-2250,92,-810,-2253,-68,-739,-2075,157,160.3402632,,,295.5503341
219,b9b101cf-24d3-4c2a-8464-bc91b9f0c767,-3154,-4000,-598,-3154,-4000,-598,-3414,-4250,-993,0,,,534.9065339
220,8f4fd564-7e34-4113-a6e4-ae40faa64f7a,-1281,1000,-693,-1337,1109,-628,-1520.19201,1354.074702,-868,138.7155363,,,388.8713442
221,19137f8d-0f3b-4923-93ad-f741758e1b2e,-1294,-2500,68,-1766,-2661.5,348,-1739,-2675,57,572.0718923,,,292.561532
222,b88bef14-62a9-4294-ac3e-4e45b9bce3d9,-2363,250,-741,-2123.6,359.3,-1253.6,-2311.08136,1241.677292,-1193,576.2096927,,,904.1080162
223,46630957-63fd-4d0d-a2ba-8766f0796db8,-3430,-1750,-694,-3157.3,-1474.4,-934,-2989,-1325,-493,455.9831685,,,495.1022622
224,134e8241-f5d7-4ad7-a8c0-11b34f2eedc3,-2255,-500,-408,-2388,-790,-329,-2314,-675,-368,328.6791749,,,142.2040787
225,082187a0-121f-47d5-962a-a9ad467e7124,-804,250,-408,-769.2,263.4,578.2,-914,-25,-343,986.9047776,,,976.089668
226,800e8e76-dc93-4e52-ae8d-e35ad26daefe,-2704,-500,-598,-2683,-774.9,-776.1,-2439,-725,-393,328.22343,,,456.9372167
227,c0c3c95d-43c3-4e30-9ce7-0519d0473911,-3430,-2250,-646,-3404,-2296,-1028,-3514,-2875,-668,385.6371351,,,690.6091514
228,febb430e-2d50-4f83-87a0-b5ffbb9a4943,-2243,-2000,-169,-2243,-2000,-169,-2471.354982,-2480.337173,-143,0,,,532.4901859
229,f06d6cd9-a6b8-49a4-90d1-7905d04c2f8b,-2243,-2000,-169,-2122,-2008,-303,-2164,-1500,-143,180.7235458,,,534.2546209
230,bf96f6d6-4726-4cfa-804a-bca8f9262721,-2243,-2000,-169,-2264.6,-2068.9,-723.4,-2289,-2475,-93,559.0824,,,750.2777686
231,3b729602-20d5-4be8-a10e-24bde8fc3092,-2704,0,-741,-2704.2,0.3,-13.6,-2489,-975,-343,727.4000894,,,1051.677465
232,89606895-287e-4559-8536-9830b047af34,1254,-6750,-931,1254.2,-6748.9,-1833.2,1561,-7125,-1618,902.2006928,,,530.9317188
233,724d890b-164d-4e0d-b550-06ea47077576,-1821,-1750,-74,-1820,-1750,-544,-1960.678265,-1966.78924,-43,470.0010638,,,563.7277259
234,1ff5ce1f-5500-444b-ad5f-70f90dd22ac3,-3154,-2000,-503,-3154,-2000,-503,-3514,-1900,-693,0,,,419.1658383
235,6d24683c-da42-4610-baf0-7ceee7014394,2243,-2000,-169,2243,-2000,-169,2311,-1650,-193,0,,,357.3513677
236,dc7e9403-19f7-409f-9240-05ee57cb7aea,-1821,-250,-360,-1810,-281,-638,-1864,-725,-193,279.9392791,,,630.9334355
237,316a733a-5358-4d1d-9f7f-179ba3c90adf,-3154,-2000,-503,-3110,-2045,-904,-3189,-1900,-493,405.9088568,,,442.930017
238,ebd18510-c263-4d5b-a736-a588862a6972,-1281,2000,-979,-1108,2008,-708,-1400.016867,1859.039221,-993,321.611567,,,434.3825089
239,25e75514-43e1-4c07-9fea-581bd203b55c,1779,-7250,-1074,1782,-7215,-2381,1786,-7350,-1868,1307.471988,,,530.4809139
240,86553ccc-2e51-4cfb-a8e6-80da6860c8d9,2704,-7250,-1502,2670.1,-7256.7,-2009.7,2461,-6775,-1518,508.8746309,,,719.3932096
241,2aea57ac-d3d0-4a09-b6fa-0aa9d58d1e11,-1768,-1500,-122,-1768,-1500,-122,-1789,-1675,-43,0,,,193.1502006
242,f211d54e-e7eb-4188-bdcd-faa9c4317e9e,-2363,250,-741,-2437.4,469.3,-593.2,-2719.364792,564.9120675,-1018,274.7229332,,,518.7493145
243,f2ee886d-5b9c-4d06-a9be-ee7ae8381114,-2243,-2000,-169,-2300.8,-2001.9,-224.5,-2470.574101,-1968.122029,-193,80.15422634,,,175.9444419
244,64aadf54-d662-4934-8c08-cad14ee5b69f,806,-6500,-598,807,-6510,-935,261,-6250,-568,337.1498183,,,707.3931015
245,4d3be0ae-3225-472b-9dc7-774817c6a7b9,-2243,-2500,-122,-2243,-2500,-122,-2520.958467,-2596.833382,-168,0,,,297.9154468
246,7d999a68-0215-4e45-8e6c-879c6ca2b771,-2243,-2000,-169,-2257,-2005,-281,-2314,-2000,-143,112.9822995,,,149.3921015
247,3eb6e6e0-8a57-49d6-b7c9-f39d5834e682,2243,-2000,-169,2230,-2027,-580,2136,-2225,-93,412.0910094,,,534.0496232
248,fb0de39b-c750-4adc-af18-12bf8a22ed41,-2304,-4250,-265,-2304,-4250,-265,-2339,-4050,-318,0,,,209.8427983
249,5df09eb0-47cb-4554-bc7a-2e91995b7b07,-813,1250,-693,-998,1487.8,-218.5,-1360.944472,1210.109399,-793,562.0712499,,,734.0919628
250,82765a73-2a03-42ca-ba98-194247caa62e,-2243,-2500,-22,-2255,-2230,0,-2446.17778,-2339.833076,-143,271.1604691,,,262.7950689
251,94283796-548a-4e4e-909a-bd4bd1690d27,1281,2500,-1169,1281,2500,-1169,1161,2400,-1193,0,,,158.0379701
252,f7c49002-6565-4314-83f7-19b9a16d8e61,-1281,2500,-1169,-1281,2500,-1169,-1264,2525,-1268,0,,,103.5132842
253,f9656eee-141c-453d-a016-4aba68f674dc,-2888,-1250,-503,-2807.3,-1232.6,-427,-3300.439267,-1978.955143,-543,112.2107392,,,902.0467483
254,db2100c3-64ac-463e-97a1-20ce8266cd5f,1000,-2250,92,997,2259,579,861,-1850,107,4535.22425,,,4138.255792
255,0eb65305-bb95-4bf1-a154-1b810c0cff25,-3141,-1500,-598,-3140.4,-1556.3,-534.6,-3354.404572,-2266.291661,-543,84.79156798,,,741.5906385
256,bc2f8bde-9498-41d7-b9db-83bd05cd34ba,-2687,-6259,-1217,-2287.9,-6259,1858.4,2686,-6225,-1393,3101.187832,,,5942.427044
257,0c9ee229-2a3d-45ae-b277-87e9da0cf41f,-1743,2500,-1312,-1600,2500,-1300,-1614,2575,-1393,143.5026132,,,120.2913131
258,d8ccc6bb-f0d9-494a-b682-f12c73e228c6,-2704,-1500,-360,-3219,-700,-407,-3014,-525,-718,952.5933025,,,411.5470811
259,9e979599-11e1-4372-96fc-e80520f3e668,-2704,-1500,-360,2360.4,-5072.3,-2514,2261,-5425,-1168,6561.188204,,,1394.988763
260,7587e3bb-dd11-4853-b48b-feab0b56ae05,-804,-5250,-836,-804.1,-5250,-575.7,-639,-5375,-793,260.3000192,,,300.1704516
261,7dcd74a9-fc7a-4c3c-85b9-769d869629ec,-2704,-500,-598,-2704.1,-499.9,-59.2,-2489,-425,-493,538.8000186,,,489.9596514
262,5b489aee-75e8-42af-aca6-3026d9a54c2d,-2704,-500,-598,0,0,0,-2839,-4725,-918,2814.110872,,,5588.226015
263,99086aba-f671-42b5-bdc0-e665c61f5452,-1294,-2500,68,-1297.1,-2406.8,-584.9,-1439,-2400,107,659.5257842,,,706.3338163
264,a63a7248-9393-478b-9478-64f421ef5eb8,-800,-1000,-99,-769.5,-922.1,-69.7,-1014,-1375,32,88.64056633,,,524.6346824
265,aeb06797-fddf-4ad2-b0ef-dd1b0f54d034,493,-3750,-74,493,-3750,-508.7,461,-3575,-93,434.7,,,452.1675464
266,1a60a6e1-da99-4d4e-a734-39b1d4544fad,-2243,-2000,-169,-2243.1,-1999.7,-93.4,-2289,-2025,-143,75.60066137,,,72.1599612
267,76f16631-cbf7-4883-9437-4e8d8c4f34a3,2686,-6750,-1316,2685.7,-6750.1,-1604.5,3086,-6375,-1743,288.5001733,,,565.7935578
268,e7080659-8319-48a6-b6fd-2e8ce8eeec49,-800,-3000,92,-800.1,-3000,-152,-739,-2925,157,244.0000205,,,323.7888355
269,57acb665-9a6d-4240-ab39-41013bdf7098,-1313,-1250,-75,-1246.7,-1293.3,-225.5,-2039,-1625,-93,170.0612537,,,869.091727
270,188fe7d5-fd1c-494f-88bc-672d77b9779e,-1294,-1000,-122,-1307.6,-915.3,-76.9,-1664,-1050,-93,96.91780022,,,381.3453291
271,7c11adc6-adbd-484f-8ae9-13946285e3f8,3120,-5750,-1693,2948.3,-5604.1,-1651.7,3111,-5475,-1743,229.0707096,,,226.8783595
272,b04d8a51-4f06-45bf-bd58-2915eb0c4668,1245,-6250,-884,1088.9,6200,1211.6,1036,-6200,-743,12626.10021,,,12553.2171
273,e4632651-5ba7-48a7-86db-5298b45a5bac,-1794,-5000,-550,-1794.1,-5000,-706.5,-1489,-5250,-918,156.5000319,,,447.5692796
274,962ca9c6-cd30-44b5-9153-465e821be684,347,-4250,-741,353,-4127.9,-907.1,11,-4275,-918,206.2368056,,,372.4529769
275,f8249eab-d4c2-4fb0-a258-7f4b99fa19e4,-3064,1500,-1645,-3041.5,1500.3,-1471.8,-3414,1400,-1968,174.655604,,,628.5147413
276,da17779f-7728-4c51-8b54-b88764c0908d,-3455,250,-1265,-3455.2,250.1,-1421,-3789,175,-1518,156.0001603,,,355.6282469
277,a4ed0599-4a72-4afb-8fe9-d0d046aec6aa,-3396,-4750,-1074,-3351.5,-5021.5,-2440.6,-3464,-5600,-1743,1394.018673,,,913.2164366
278,0e2c1e20-5b81-4104-b1ee-325bb0e1a781,832,-6000,-789,621.7,-6000,-1226.5,886,-6275,-693,485.4197565,,,655.8214239
279,bb7a5967-56ae-4193-920d-142710b4f07d,-3447,-750,-931,-3447,-750,-931,-2939,-625,-643,0,,,597.1875752
280,487cc97e-f2c5-44f2-94ea-fbce30c65c84,-3014,2000,-1975,-2957.9,2019.3,-1936.7,-3414,1925,-2518,70.61579144,,,744.8687066
281,79fbd14b-bfad-4b28-90a9-3019bf72336f,-3141,0,-978,-3141,-0.4,-1236.5,-3589,-175,-1193,258.5003095,,,482.7850557
282,5a5a2320-3b0d-485d-aba2-dc96357e00d8,-1794,-1000,-122,-1896,-1004,-243,-1814,-575,-243,158.3066644,,,436.766528
283,88e1154c-bd92-446d-bd6d-550062666223,-4022,-1250,-1264,-3957.8,-1237.2,-1264,-3939,-875,-1243,65.46357766,,,363.2950316
284,7a52b7d9-4161-472f-94fe-2183be029cfd,-800,-1100,0,-800,-2100,0,-755.8212144,-1037.078891,-43,1000,,,1064.707495
285,bd9d5846-759e-4dc9-951a-d163a04d56b4,-1000,2800,0,-1400,1800,0,-447.8592905,2784.947374,-1518,1077.032961,,,2044.753594
286,c2363000-27a6-461e-940b-15f681496ed8,-2704,-1500,-360,-2704,-1500,-360,-2539,-1375,-293,0,,,217.5752743
287,4ca5f874-f14e-4f62-adb3-c638a94a89f2,-2704,-1500,-360,-2243.1,-0.1,-877.7,-2191.230734,377.222843,-718,1652.314168,,,412.9976254
288,f9180954-7292-47c0-b60f-fe1a3666be35,-3141,0,-978,-3141.1,-0.2,-1163,-3304.064861,42.84730056,-1118,185.0001351,,,174.4580634
289,b2746c16-7152-45a3-a7f0-477985638638,-2243,-2000,-169,-2243,-2000,-169,-2369.820413,-2012.924534,-143,0,,,130.1017322
290,c09b3c18-c9e5-4551-9a35-7b2a069f57ff,-50,250,0,-50,250,0,-775.5648182,256.2465794,-418,0,,,837.3812305
291,31f3e083-a324-4b88-b0a4-7788ec37b191,-2243,-2000,-169,-2273,-1902,-536.8,-2189,-1850,-118,381.8125718,,,430.2945968
292,0ce74616-abf8-47c2-86d9-f821cd25efd3,-1141,-5000,-1121,-900,-4900,-1000,-889,-5625,-768,287.6143251,,,761.2949494
293,aba2f956-4f9e-4551-8630-4d4d9c39c4dc,-1300,-4750,-527,-1162,-4691.9,-1603,2486,3025,-3268,1086.368082,,,8696.589826
294,00a824c0-e060-495f-9ebc-79c82fef4c67,-1300,-3000,-92,-1234,-3091.2,-628,-1348.533086,-2995.909712,107,547.6946595,,,749.9487094
295,7791ee46-5c13-4d1b-8518-5602dcb8666b,-1300,-3750,-51,-1337.2,-3727.4,-95.7,-1724.891831,-3705.494288,-43,62.39142569,,,391.8700118
296,eb0baec1-4ca1-4b31-b03c-69335de3a7e3,-813,1750,-836,-814,1792,0,-952.8227158,1327.238879,-743,837.0549564,,,887.3125977
297,81a1cbae-60b6-4013-9511-1bf3855387a2,1745,-6250,-884,1705,-6243.5,-1240.8,1836,-5675,-918,359.0939849,,,666.7481459
298,8ca1a850-26ef-42be-8b28-c2e2d12f06d6,-2243,-2000,-169,-2039.6,-1691,-580.5,-2436.443921,-1473.392715,-243,553.3396877,,,564.574422
299,64101a8a-fa35-422d-b28f-0d81c85c146f,-2064,-5500,-1693,-2167.8,-5511,-2000.5,-1914,-6375,-968,324.7332598,,,1370.024339
300,8b7c808f-763b-44c8-b273-63c6afbc6aae,-2243,-2000,-169,-2243,-1969,0,-2251.920297,-1928.725063,-143,171.8196729,,,148.8309182
301,8dfb86c8-d45c-46c4-90ec-33078014d434,-804,-750,0,-804,-750,0,-1064,-525,-193,0,,,394.3019148
302,5a2f99aa-d3f5-469d-882e-0a16ee869746,-813,1750,-836,-873,1740,-711,-1022.11319,1778.232375,-893,139.0143877,,,238.370422
303,a6f9e4d5-5f20-4a98-9118-22187f4d230b,-1781,-500,-312,-1782,-508,-529,-1863.947967,-484.7736222,-268,217.1497179,,,274.5467791
304,461ecb39-ab58-4a6c-acd7-22da5b4b4b22,-1300,-3250,44,-1349.9,-3227.6,-198.3,-1791.126145,-2903.341298,7,248.3969807,,,584.783983
305,8d59da25-3a9c-44be-8b1a-e27cdd39ca34,-2243,-2000,-169,-2347.3,-1939.9,-75.8,-2327.847205,-1924,-143,152.2390883,,,71.74302207
306,64f4afa4-ec5f-4ad6-ab28-415a9a8098ed,-2880,-2750,-360,-2614,-2734,-1292,-2839,-2875,-293,969.3482346,,,1033.686123
307,2d544e7f-c8af-46b5-aaa0-caf0ad4d63a1,1870,-6500,-837,1883,-6597,-1046,1461,-6275,-868,230.7791152,,,559.8678415
308,d75517b1-7a10-454d-b395-ba93850799bd,-4006,-1750,-1122,-4006,-1750,-1122,-4039,-2500,-1068,0,,,752.6652642
309,298e2a70-9801-45f0-b91c-d6bb9718427e,-800,1500,-765,-800.2,1500.3,-765.1,1461,-6275,-868,0.374165739,,,8098.080263
310,9dff5593-e781-41a3-a6f9-20d06085e4f8,478,750,-598,478.1,750,-598,1461,-6275,-868,0.1,,,7098.564461
311,4bc345eb-72e9-4dbc-9ff9-ead5b7d08b18,478,750,-598,-2868.7,-3426.7,-1982,-3239,-3450,-568,5528.171468,,,1461.869002
312,11e7d50f-7f48-4d9c-9cfb-8a3067800a1b,-3154,-3000,-455,-3243,-3154.6,-1670.5,-3314,-3375,-593,1228.520415,,,1102.099546
313,74006cce-e266-4ebb-aaab-3fd5eb2d72e5,-1304,-2750,68,-1250,-2790,-693,-1639,-2125,57,763.9613865,,,1075.195796
314,4037a618-e6ba-4142-a6d2-3e32ef25fd1b,1779,-7250,-1074,2161.5,-7250,882.9,2086,-6300,-1068,1993.931759,,,2171.223402
315,3cf66b31-9f69-4050-93d8-c0de1b7ce944,1779,-7250,-1074,-1200,-2675,0,-1895.355567,-2879.075935,7,5564.040079,,,724.7174286
316,fb2f994b-5be8-4c1c-81dd-aad4b19ddcf7,1779,-7250,-1074,-1600,-2900,0,-1801.644456,-3031.571841,7,5611.917409,,,240.8747308
317,ffb1b072-2de7-44a4-8115-5799b9866382,1771,-6750,-836,1775,-6749,-1810,1961,-6675,-1318,974.0087269,,,531.1647579
318,eb04cc7c-7c10-4e7f-8593-9c3b9b6986f5,993,-250,-265,1070,-250,-335,536,-200,-293,104.0624812,,,537.9776947
319,6fc4d73c-2071-43ec-a756-c6c6d8322c8b,-2243,-2000,-169,-2217,-2054,-169,-2289,-1750,-143,59.93329626,,,313.4900317
320,bf57f9ed-8c55-4cbe-ac75-c1200b74ddf0,1896,-6000,-1026,1870,-5790,-1753,1936,-6000,-893,757.1690696,,,887.7251827
321,257d0357-76ed-4220-8d50-68da6efda72d,-800,-2000,44,-875.2,-2027,-636,-1064,-1400,7,684.6780557,,,917.7273233
322,b73ef9cf-462c-4de3-ae61-5907790ebd0e,-2346,-2750,-169,-2300,-2750,0,-2347.496683,-3015.075195,-143,175.1485084,,,304.9094847
323,df7d2ca7-068b-4df2-9782-8f6bb7d67f18,-3577,-2000,-789,-3450,-2000,0,-3633.542216,-2243.017585,-743,799.1558046,,,802.9908414
324,d403c464-9d91-4338-b64b-81c299356972,-1813,-3250,-27,-1826,-3251,-27,-1989,-3475,-68,13.03840481,,,280.0464247
325,6506252f-1141-4e11-8816-4db01b71dda0,-2346,-1750,-217,-2345.9,-1750,-217,-2982.166449,-1663.689379,-443,0.1,,,680.7058962
326,d213e786-4b1c-477d-a710-766d69fa1ac1,-2243,-3500,-169,-2243.1,-3500,-168.9,-2521.867694,-3308.801854,-218,0.141421356,,,341.5830326
327,b45c8f3f-6361-41df-9bc1-9df98b3d30e6,-1821,-2250,-27,-1696,-2225,-621.4,-1624.506957,-2880.354758,57,607.9155862,,,945.9533148
328,a3d13b05-bf4d-427a-a2d5-2fe050d603ec,-2243,-2000,-169,-2241.9,-1999.7,-634.3,-2270.233709,-2841.200017,-93,465.3013969,,,1000.964918
329,e3ce9c72-2a4f-4607-95d3-ea7e886082b8,-3577,-3000,-741,-3497.9,-2861.1,-1162.3,-3739,-3425,-918,450.6037173,,,660.1476426
330,71a92c54-69f0-488b-ae2a-cb6c1524233c,-3413,-3250,-598,-3271.3,-3270.1,-1282.3,-3414,-3725,-743,699.1061364,,,719.8206652
331,ee320f72-b613-4acd-b10d-3ceef332a949,-1813,-3250,-27,-1797,-3231,-1180,-1963.27222,-3895.599921,-143,1153.267532,,,1242.863028
332,68f06c5f-8566-4a4f-a4b1-ab8398724913,806,-6500,-598,796,-6511,-10,808.8027294,-7048.177171,-1143,588.1878951,,,1253.958621
333,834fca72-0b69-44e4-b77e-95a61290b50d,-800,-2250,92,-597,-2253,-339,-1014,-1875,107,476.4231313,,,718.1148933
334,7be00744-2e27-4062-8f56-3969e24e9990,-2240,-2000,-169,-2249,-2016,-782,-2789,-1500,-393,613.274816,,,842.1264751
335,76de0e1a-30aa-4713-9fe5-25ad2dff653f,-1304,-2250,68,-1297,-2250,0,-1342.191665,-2023.611291,107,68.35934464,,,254.4467213
336,2b3c3126-11f3-4a8e-aa44-2f965bf8ab9c,-1743,2000,-1121,-1743,2000,0,-2028.738167,1825.727104,-1243,1121,,,1287.270889
337,291fcd13-b629-49c0-baf8-57ed1351050e,787,-5750,-741,796,-5677,-2221,1411,-5650,-1143,1481.826576,,,1241.385516
338,0685d767-80a2-49b6-a51a-0e9b1dd7a14d,-2717,-4500,-551,-2537,-4542,-551,-2764,-4375,-643,184.8350616,,,296.4489838
339,c0e59477-43f0-4441-9f81-3a55ddad9dad,1245,-6250,-884,1088.9,-6200,-1211.6,1136,-6275,-893,366.3181268,,,330.6801627
340,76c5c1a1-3617-4727-9f75-d975c9a08203,832,-6000,-789,621.7,-6000,-1226.5,886,-6275,-693,485.4197565,,,655.8214239
341,ba291bec-4492-4d7f-a6aa-483ebb64b3c3,-800,-3500,44,-800,-3500,44,-1089,-3100,132,0,,,501.2634038
342,25a9182c-4795-4768-af47-98975d2d2a8a,449,-4750,-694,449,-4750,-694,311,-4725,-843,0,,,204.621602
343,bc1602ba-dd6c-4ae4-bcb2-4925e7c8632a,-2243,-2000,-169,-2310,-2005,-487,-2439,-1575,-243,325.0199994,,,510.9569453
344,07abb39b-063b-4ef8-b3ab-963c6a1b5cc5,-1781,-3500,-27,-1781,-3500,-27,-1761.705705,-3462.512874,-18,0,,,43.11095504
345,85bdeae3-269b-4e39-bd9b-2b0d95aff2fa,-1781,-3500,-27,-3413.1,-3750,-1669.1,-3439,-3650,-743,2328.678342,,,931.8433452
346,02328ef5-47d4-4690-b020-04b6315aa2d6,-1829,250,-551,-1816,300,-875,-1689,950,-793,328.0929746,,,667.3477354
347,06c6741e-9f2a-4114-8ca9-0dc5ccc951e6,-1743,2000,-1121,-1637,2003,-1121,-1614,2975,-1618,106.0424443,,,1091.93498
348,3ccb2d59-9e94-48e6-9e72-0b7b96bd3f9b,2236,-6750,-1032,2230,-6713,-3187,2486,-6925,-1618,2155.325961,,,1603.820751
349,578ca001-8cf5-4d30-b58f-1d574eaf808a,-2255,-4000,-217,-2242,-3980,-1040,-2164,-4250,-343,823.3456139,,,751.527112
350,94e948c1-f7be-4868-893a-f7cd2df3313e,-2243,-2000,-169,-2225.6,-2036.8,4700,-2264,-2950,-93,4869.170155,,,4879.370636
351,38124fca-a0ac-4b58-8e8b-84a2357850e6,-1294,-1000,-122,-1298,-1001,-618,-1447.317698,-1045.951271,-68,496.0171368,,,571.6785738
352,c410fda5-a6db-4697-a7e3-6ed65601844d,-1800,-4500,-242,-1784.5,-4220.4,-931.5,-1889,-4625,-593,744.1953104,,,537.7765893
353,43b9b189-5221-46a0-928a-e137bc326534,-1800,-4750,-527,-1765,-4404.4,-987.9,-1871.803317,-4992.777108,-1343,577.1422442,,,695.4786694
354,94fcff55-2da2-4366-a2c7-2f58c05b54dc,-800,-4250,-242,-800,-4250,-242,-1064,-4025,-168,0,,,354.6787279
355,f26a6ab1-7e37-4f8d-bb50-295c056e1062,-2243,-2000,-169,-2243,-2000,-169,-2239,-1975,-118,0,,,56.93856338
356,47be9ae4-290f-46ab-b047-952bc3a1a509,-1829,-1250,-170,-1829,-1250,0,-2440.883306,-790.5000128,-393,170,,,860.2269574
357,6be21156-33b0-4f70-9a0f-65b3e3cd6d4a,-2704,-2000,-312,-2704,-2000,0,-2663.621243,-1594.19388,-293,312,,,502.1534136
358,04c9890f-2276-4c20-854f-305ff5c9b6cf,464,-5250,-931,458,-5001,-2480,376.8212695,-5445.696661,-743,1568.897065,,,1794.857684
359,3e7618b8-34ca-4e48-ba3a-0e0f88a43131,-3564,-1000,-979,-3514,-1100,-734,-3694.997802,-1498.686594,-868,269.3046602,,,457.8943158
360,b1455ca8-3999-4eb8-9e1e-5c8d0d2e5719,-3564,-1000,-979,0,0,0,-4089,-2500,-1093,3828.908069,,,4915.747146
361,3530526e-e690-4222-878f-0f9f401fa759,-2880,-2250,-360,-2864,-2233,-15,-3339,-1975,-593,345.788953,,,791.3741214
362,0909252c-3ad0-413f-96f5-7eff885b50aa,-2880,-2250,-360,-750.3,-4446.9,-929,-1039,-4475,-918,3112.194194,,,290.2728027
363,e45a00b1-14a0-4f5e-9ea5-9f76d042b11c,-2880,-2250,-360,-2243.2,-1999.6,-435,-2289,-1800,-143,688.3599349,,,356.6536135
364,adcd791c-ead3-4572-a9cb-028bbee1d2e4,-1281,1500,-836,-1305,1665,-1009,-1439,1675,-943,240.2706807,,,149.7063793
365,ef3d059a-59d5-4870-b355-563a8d7cfd2d,-2243,-2000,-169,-2243,-2000,-169,-2139,-2175,-68,0,,,227.2487624
366,af775340-53d0-43cd-9cda-48e32b95adca,-2704,0,-741,-2704,0,-741,-2688.174556,-68.21008579,-718,0,,,73.70251339
367,4f46198d-c54d-4627-9e4e-3c8fd4c3c070,464,1250,-741,464,1250,-741,-187.1350383,1418.43849,-1143,0,,,783.5511234
368,e070023a-2a5d-4398-ad66-f9ed5d517ad1,1720,-5750,-1122,1720,-5621,-1104.8,1786,-5975,-843,130.1416152,,,445.2092092
369,26118c10-35dd-4ab1-9f0f-b9a89a1da070,-2230,500,-789,-2230,500,-789,-2194.956407,513.1658861,-793,0,,,37.64829292
370,ae03524f-e493-4077-99b1-588244de9a98,493,-1750,21,601,-1749,-752,211,-2000,-43,780.5088084,,,847.2201603
371,523f8301-4f56-4faf-ab33-a9ff11331118,-2243,-2000,-169,-2261,-1906,-708,-2664,-2075,-243,547.4312742,,,638.1183276
372,8ac7e5d5-57a4-41c8-a35d-8195784bfe95,993,-1750,21,987,-1569,-224,536,-1275,7,304.6670314,,,585.8310337
373,6eb8be8d-d089-43c6-b2e4-a6558ca16dcf,-800,0,-384,-775,0,-466,-1089,-575,-168,85.72630868,,,719.7395362
374,a4d9d9d5-6ea3-4234-aa28-e064e83626fa,-2243,-3500,-169,-2243,-3500,-169,-2264,-3175,-118,0,,,329.6467807
375,b8df4cc3-e973-4267-8cf8-a55cea77e1ac,-1829,-1250,-170,-2065.8,-1249.5,-741.4,-2239,-1725,-143,618.5244134,,,783.6970397
376,4364cabe-a27c-4bd5-b398-1d068aca47cf,-2243,-1500,-217,-2246.8,-1501.2,-585.1,-2014,-2025,-43,368.1215696,,,788.9453023
377,701026df-e170-4ca7-88aa-eb0b95ef6ba1,-2338,-3250,-170,-2338,-3250,0,-2748.396047,-3017.229617,-268,170,,,542.6149335
378,1e176f17-d00f-49bb-87ff-26d237b525f1,-2243,-2000,-169,-2243,-2000,-169,-2477.615203,-1751.430493,-218,0,,,345.300005
379,954b1983-e603-4611-ba15-dc2db6f988ab,-1781,-1000,-169,-1781,-1000,-169,-1939,-950,-193,0,,,167.4514855
380,d1af1003-247b-4f76-988f-d55cbb72aa80,-1321,750,-645,-1321,750,-645,-1010.930252,1324.484839,-743,0,,,660.1364091
381,9ac90b86-fc72-4ca0-9389-c8b3a77da437,493,-1250,-27,490.1,-1252,-546.7,513.5169224,-1795.248811,107,519.7119394,,,850.2889583
382,5c63d860-1e3c-481b-a290-9f299a5421f5,493,-1250,-27,-600,-3480,0,-447.3960588,-3364.157228,-43,2483.60182,,,196.3581182
383,e6402305-5028-42aa-975b-c540c882b131,493,-1250,-27,-2110,-2530,0,-2223.44978,-2334.861051,-93,2900.816782,,,244.1291912
384,dab512bd-a02d-4c1f-8dbc-9155a163efc0,-2243,-2000,-169,-2243,-2000,-169,-2036.082556,-2275,-43,0,,,366.4912396
385,664de6d9-bba2-424b-b76c-bb61900c015f,-1821,-750,-217,-1820,-753,-583,-2164,-450,-368,366.0136609,,,506.329932
386,36362f75-96d8-4ed4-a728-5e72284d0995,-2243,-2000,-169,-2297,-2007,-772,-2314,-2100,-143,605.453549,,,636.0652482
387,ce99545f-c6a5-4d53-8b68-0ceb78bd942e,2195,-5750,-1265,2195,-5750,-1265,2286,-5325,-1268,0,,,434.6435321
388,e42e948c-3154-45cb-bf52-408b7cda0f2f,-2243,-2000,-169,-2273,-2027.4,-143,-2239,-2675,-93,48.2365007,,,650.416605
389,8ee585ba-d055-4bb5-bc5f-2266a3d62bf4,-800,-2750,92,-862,-2692,-226,-939,-1925,132,329.1382688,,,849.9305854
390,6efc58a4-e1cd-4eca-9205-7e4898cc1f8b,-800,500,-527,-853,519,-1448,-1014,1550,-843,922.7193506,,,1206.195258
391,97415ee8-0b90-456c-83c2-05e7a398c06c,-800,500,-527,-1300,-4200,-242,-1381.091518,-4060.977624,-143,4735.105595,,,188.9551677
392,a226c68d-55d8-4b53-9596-7c88a3ffa259,-800,500,-527,-1821,-2450,-27,-2150.722057,-2308.564408,-68,3161.477661,,,361.1117024
393,8f2e16c4-893b-4f8f-bfb2-94fa452710ec,-2243,-1500,-217,-2243,-1501,-869,-1473.278656,-2160.705406,82,652.0007669,,,1389.993946
394,46686ed1-4a69-413c-96d0-63e09bd565db,-2888,-1750,-455,-2902.3,-1735.1,718,-3914,-1825,-993,1173.181785,,,1989.758754
395,071f02e7-752a-4094-af79-8dd764e9d85d,-1768,-1500,-122,-1769,-1570,-371,-1910.227042,-1492.623938,-93,258.6542093,,,321.2726761
396,b1df5dba-f281-4d3c-b3cc-48318ac96ee2,-1294,500,-550,-1401,688,-454,-1639,475,-593,236.6622065,,,348.330303
397,5d9a5895-0f28-416c-a6d6-3e781658ea57,2446,-6500,-1122,2479,-6381,-2373,2849.665154,-7050,-1993,1257.080347,,,854.0220468
398,50ebb677-e4a3-4421-b74f-1997a9cd1ad1,1000,-2250,92,1000,-2254,-844,946.8245226,-2498.561285,157,936.008547,,,1031.813381
399,d978fe7f-3225-4804-8be5-6c90bba157e7,-1743,1000,-836,-1789.8,1037.3,-1031.6,-2014,525,-743,204.5504583,,,629.2907833
400,a9e83d8a-7c90-4152-abad-53a1ad94d73a,-1743,1000,-836,-1780.8,-0.3,-905.1,-2089,25,-543,1003.396103,,,476.1761649
401,01864e9d-0dbe-41d4-9e3a-0285348ecfc1,-1743,1000,-836,347.1,-4028.3,-760.7,-339,-3725,-793,5445.91489,,,750.8444513
402,fe380793-8035-414e-b000-09bfe5ece92a,-3438,-1250,-788,-3537.1,-1305.6,-1647.9,-3864,-1500,-1018,867.375455,,,735.8185782
403,17f738d1-b16d-4cd3-8c52-77b08ad2e37f,464,1750,-741,464,1750,0,436,1600,-893,741,,,905.9431549
404,0fed7207-f747-428b-b4c0-854cabb50d9e,464,1750,-741,-500,-1770,0,-1014,-2000,132,3724.080692,,,578.3770397
405,143dd7cf-6a47-47a1-906d-927ad7fe9117,-2243,-2000,-169,-2213,-1982,-169,-2389,-2075,-143,34.98571137,,,200.7510897
406,d7361c6f-6751-4b5f-91c2-fdd61f988aa4,-2243,-2000,-169,-2246.9,-2069,-15,-889,-1500,57,168.7963566,,,1474.054751
407,e7b5df15-41be-439c-99e9-be40b2444cdb,-813,-750,-170,-813,-750,-170,-1414,-600,-168,0,,,619.4392626
408,e319e7c7-d78b-4d0a-9150-fecb603e2c83,-2704,-1500,-360,-2704,-1500,-312,-2758.515137,-1384.536195,-393,48,,,151.2110789
409,68f5f1e4-5e88-4aa5-8a1a-94b691adb11e,-1313,250,-455,-1189,241,-455,-1189,850,-643,124.3261839,,,637.3578273
410,31d8dfb1-71fd-4c53-9229-7cd48bee07e4,-2628,1500,-1408,-2613,1507,-1220,-2464,2200,-1643,188.7273165,,,825.4568432
411,ed469fda-4519-456f-a671-cf901222b4f8,-800,-1750,44,-827.3,-1703,-516.4,-1004.091622,-1392.590028,32,563.0297061,,,654.4862021
412,0fa33419-e7b9-4d00-8cab-3b51f93ecf0c,-800,-1500,-4,-827.3,-1530.9,-440.4,-796.3262763,-1029.303887,-43,438.3435411,,,640.6908707
413,6638cfb3-3831-4fc2-9327-194b76cf22e1,-800,3000,-1336,-800,2983,-1336,-1014,3425,-1918,17,,,761.501149
414,95fd67e6-cbff-4356-80c7-5a03b1bf6b8a,-2704,-2000,-312,-2704,-2000,-312,-2564,-2200,-193,0,,,271.5897642
415,b4131145-9675-4433-88e1-9ae016c701dd,-1300,-500,-242,-1300.1,-501.6,-376.5,-1490.060412,-171.9199954,-318,134.5095536,,,384.9624832
416,a44b9eb8-6c6f-497d-82c0-a666b99b4bff,-1768,-2500,-169,-1870,-2473.8,-354.8,-1889,-2450,7,213.5698481,,,363.0794403
417,341ef9bb-25f9-4eeb-8f1d-bdd054b22ba8,-2243,-2000,-169,-2485.6,-2157.4,-429.5,-2738.136818,-2800.729464,-243,389.2168676,,,715.8420869
418,f475ae14-9415-453e-b800-1480ea1c868d,-1768,500,-646,-1768,500.1,-288,-1914,325,-618,358.000014,,,401.0935178
419,8895f61f-1c17-4d2f-8b9b-77476c5261b6,-1313,-750,-170,-1312.8,-749.9,-170,-2039,-650,-268,0.223606798,,,739.5609846
420,ac680ec5-6f89-4739-9848-9d76fc0e017f,-1781,-4000,-122,-1751.9,-3521.3,-175.3,-1514,-4225,-243,482.5364131,,,745.9044108
421,9117969a-3f0d-478b-ad75-98263e3bfacf,-2243,-2000,-169,-2243,-2000,-169,-2058.146318,-2150,-43,0,,,269.3452869
422,f05b5941-68bd-4bf5-980d-721959bd4443,-800,-500,-242,-800,-500,-621.5,-1014,-250,-268,379.5,,,482.9681667
423,c893c0a3-5597-49cf-baa1-60efdfdef542,-800,-3250,44,-800,-3250,-674.3,-2758.515137,-1384.536195,-393,718.3,,,2719.350371
424,ccb501d1-a4fa-41c6-819e-54aaf74d439d,-1294,-1500,-27,-1294,-1500,-27,-1380.730903,-1408.55784,7,0,,,130.5370376
425,531423f6-d36d-472b-8234-c8f7b8293f79,-2346,-1750,-217,-2209.4,-1757.5,-607.5,-2314,-2000,-143,413.7705403,,,534.3291682
426,b25799a5-09e8-4656-9c1b-44bc9cbb5279,-2243,-2000,-169,-2183,-2042,-614,-1814,-1700,-43,450.986696,,,761.0295658
427,d06f4b61-42c1-4a8d-a2a5-c1cf8f7d0e47,-1300,-4250,-242,-1300,-4250,-242,-2039,-4450,-418,0,,,785.5552177
428,b9a637fe-0f2a-4426-a0b6-1d4ecd154a93,-1743,1000,-836,-1782,1073,-819,-1739,1925,-1168,84.49260323,,,921.7125365
429,2400a2fa-0335-480b-ac8d-a478171f3a55,-1800,-4500,242,-1800,-4500,242,-2364,-4025,-318,0,,,925.9163029
430,5e84c8e7-236f-4a64-a944-dc4a17c64f1d,-804,-250,-265,-713,-263.2,-345.2,-849.2251318,-283.1196539,-243,122.0134419,,,171.4611301
431,8fbfa285-d721-4a1a-8c18-f36652c17909,-2704,-2000,-312,-2739.5,-2028.9,-655.1,-2854.288209,-2300,-293,346.1402461,,,466.6775684
432,43d4f889-4b05-44df-8306-ea10f854776f,-2704,-2000,-312,-492.8,-1028.9,-534.6,-889,-1000,-43,2425.281718,,,632.0444684
433,f142d2c6-6d85-4e9d-9c56-07620486e068,-3438,-1250,-788,-3540,-1430.2,1215.4,-3264,-1125,-668,2014.072392,,,1927.82743
434,4eeb32fd-6f12-4a9e-8101-8e1caa32dc8f,-1768,-2000,-169,-1769,-2005,-608,-1872.014782,-1798.895812,-43,439.0296118,,,610.1770083
435,64d04585-67e7-4320-baad-8d4589fd18f7,-1768,-2000,-169,-2264.5,-1896.3,-1055,-2764,-1975,-293,1020.912308,,,914.5151393
436,f9d783f9-7d2e-4b53-83f7-9409f788cbca,-3564,-1000,-979,-3580,-1012.1,-1824.3,-3939,-1475,-1093,845.5379944,,,936.9936499
437,42fff37a-9040-417c-a3a2-82e7708f7161,-2281,-5000,-598,-2199,-4905,-1084,-2539,-4525,-618,501.9412316,,,690.7647935
438,80963057-b61b-4e77-86aa-cd74bab455eb,2229,-6250,-979,2220,-6252,-1504,1986,-5925,-918,525.0809461,,,710.6905093
439,695476f6-4c14-4a2f-b658-948514629079,-3141,-500,-836,-3141,-500,-836,-3114,-500,-793,0,,,50.7740091
440,4755877d-fd14-42b3-bc15-e1996d153015,978,1250,-693,978,1250,-693,386,1550,-893,0,,,693.1551053
441,99993a2b-588e-4c0c-bfec-e3dfb4f61534,-1743,2500,-1312,-1707.5,2113.1,-1394.6,-2189,2150,-1468,397.2085347,,,488.458207
442,e0f608e6-b01d-4d66-a8f9-033a55bac619,478,-750,-170,480.1,-749.9,-170,-264,-350,-393,2.102379604,,,873.6897733
443,bae9adba-8064-4f42-a7c5-57173c6f4c51,2686,-6750,-1316,2510,-6750,1150,2561,-6600,-1493,2472.272639,,,2647.744323
444,49ad86ad-a4b4-401d-9553-7763ef4f6b74,-3360,-4500,-1884,-3360,-4500,1037.6,2561,-6600,-1493,2921.6,,,6772.900218
445,532bb33e-f22f-454a-ba1f-561d1578b250,-1768,-1500,-122,-1766.5,-1499.1,-777,-1739,-2025,7,655.0023359,,,944.4485481
446,a69887c2-f35d-497c-a2db-d9c44406369a,1781,-4000,-122,1735,-3865.9,-1389.5,1336,-4175,-218,1275.403881,,,1275.600274
447,491540f7-7878-410f-894e-7ac4766b5105,-1781,-4000,-122,-1786.6,-4004.3,-1522.5,-2014,-4150,-243,1400.517797,,,1307.692433
448,0851db85-2889-4070-ac18-a40e8ebd96ba,-2243,-2000,-169,-1858,-2188.6,-230,-1939,-2175,-18,433.0311305,,,227.354261
449,c9fb5e2e-bd92-41d8-8b7e-394005860a1e,-1821,-2750,-27,-1776.1,-2600,505.2,-2014,-2550,-18,554.7547656,,,576.9182351
450,e31b4e39-e350-47a9-aca4-72496d99ff2a,-2243,-2000,-169,-2200,-2209,-1513,-2589,-2050,-218,1360.832833,,,1361.47971
451,6e1379e8-3af0-4fc5-8ba8-37d3bb02226b,-2243,-2000,-169,-2243.1,-1999.9,-296.9,-2264,-2025,-118,127.9000782,,,181.8571692
452,f93bfce4-e814-4ae3-9cdf-59f4dcdedf51,-2243,-2000,-169,-2243,-1999.9,-743.9,-2639,-2150,-243,574.9000087,,,655.9320239
453,f3e925a4-048d-46c9-ba15-c244f4e0a09a,-2871,-3250,-360,-2773.5,-3239,-709,-2774.673904,-3104.340392,-293,362.5303436,,,437.2534597
454,cee40c88-e460-4724-ae88-2977c5439b05,-2592,500,-931,-2561.7,502.8,-658.2,-2678.002277,588.8281338,-1018,274.4918396,,,387.7925984
455,9bd71ac6-c455-41f3-8c56-59987a649ac4,-813,1750,-836,-974,1764.1,-1083.4,-1339,2750,-1393,295.5106935,,,1095.936116
456,e22d047c-5beb-4e5b-9a3d-53b637743856,-800,3000,-1336,-790.5,2974.1,-1253.7,-1339,1475,-868,86.80063364,,,1642.229445
457,c5fd185f-1c5a-4aad-9795-43c4ccf8ea94,-2730,-5000,-789,-2847.7,-5008.4,-1851.5,-2939,-5675,-1443,1069.032319,,,787.1235608
458,df07180e-268e-489c-826e-40cb6f63d3a5,-2730,-5000,-789,-2047,-3365,0,-2064,-2900,-43,1939.648164,,,467.2932698
459,0b877123-0902-4432-b789-c4c6cc681df4,-800,-2500,92,-996,-2224,-365,-839,-1925,157,568.7187354,,,621.7185859
460,af1e9dee-8c26-4b2b-ac43-358221048797,993,-250,-265,961,-246,-169,636,225,-418,101.2719112,,,624.0729124
461,b939cc85-6028-404a-995d-28c8405a07db,-1300,-4500,-242,-1300,-4500,-242,-1664,-4150,-193,0,,,507.3430792
462,41dc1107-fbcb-4174-a262-19928c355018,-813,-750,-170,-813,-750,-170,-1314,-600,-143,0,,,523.6697433
463,6aa08c75-8ee5-457d-9794-b89ee1c4453f,-1768,-3000,-27,-1768,-3000,-27,-2039,-2800,-43,0,,,337.1898575
464,c6ba6f8e-c13e-410f-b7df-e193ba0d239d,-2268,-4500,-360,-2268,-4500,-360,-2439,-4350,-493,0,,,263.4957305
465,b90f00e8-ac5c-4530-9fbd-d0e055e3a718,1408,-6500,-979,1310.3,-6500.2,-979,1536,-6650,-1093,97.70020471,,,293.8988431
466,789fd2ee-c755-46c5-9c6f-260092520216,-2937,-5500,-2169,-2937.2,-5499.8,-1444.4,-3014,-6200,-1493,724.6000552,,,706.0738205
467,fc62e0cf-4f8e-4599-97fc-627b6adebfe9,-3154,-3500,-503,-3309,-3377.3,-1607.9,-3083.639712,-4145.100368,-743,1122.445678,,,1178.285481
468,675952a4-e8b3-4e82-a179-cc970d5a8b01,-1821,-250,-360,-1833.8,-251.5,-408.4,-2664,-650,-518,50.08642531,,,927.3868934
469,79f44ba1-c931-4346-82eb-f628a9374045,-1781,-500,-312,-1779.5,-500.3,-538.2,-2164,-525,-343,226.2051724,,,431.9182562
470,bc2e8a39-af40-4ad2-8e4c-3ba7020b2f7b,-1800,-4500,-242,-1800,-4499.9,-777,-1578.224575,-4733.951279,-1218,535.0000093,,,546.3015102
471,2564dc27-4eda-4fc3-a151-c13475796ee1,-800,1000,-622,-748.6,1062.3,-836.2,-1014,875,-618,228.9211436,,,391.3178887
472,ca073754-be17-43b7-a38a-0c1e5563ff32,-804,-1250,-27,-801,-1251,-312,-864,-1625,107,285.0175433,,,565.1601543
473,1a6a17cc-ba8c-4d79-bf20-cc897c9500dc,-2947,1250,-1455,-2922.3,991.9,-1458.6,-3164,975,-1468,259.3041843,,,242.4723902
474,2ce1d485-ebce-41a2-a5ce-aa109d5a13a3,-1281,2500,-1169,-1282,2501,-948,-1414,2275,-1193,221.0045248,,,358.5038354
475,dd619e10-5df1-4c79-bd62-cc00937b5d36,-2346,-2250,-169,-2347,-2252,-954.4,-2214,-2875,-93,785.4031831,,,1071.367332
476,eda7a3ac-f038-4603-9c68-816234e9c4eb,-2243,-3000,-122,-2208,-2976.2,-576.3,-1764,-3425,7,456.2673887,,,859.532623
477,d1d9defc-6f73-489f-9f14-2c0b5e970b2d,-2913,750,-1169,-2822,810.7,-743,-3089,900,-1393,439.8198381,,,708.3526593
478,920865d3-1581-4e81-bd63-ab2186024564,-2654,1000,-1168,-2662.7,1034.7,-797.8,-2864,900,-1268,371.9244816,,,528.9175928
479,0252da71-5f32-4d11-b25a-2032ef5f9793,-2654,1000,-1168,-1300,-4500,-242,-1382.713038,-4378.537062,-393,5739.406938,,,210.702852
480,bebe7c8f-0f34-4c3a-8fbb-d2a5119d2961,-2243,-1000,-312,-2243,-1000,-312,-2607.735453,-877.7380391,-443,0,,,406.3753656
481,57acb640-4f64-4a89-bedf-69351a3aea75,420,2750,-1359,420,2750,-1359,361,2700,-1468,0,,,133.6487935
482,9915765e-ff15-4371-b1aa-c2ef1db8a254,-2888,-1750,-455,-2830,-1750,861,-3064,-1450,-493,1317.277495,,,1406.439476
483,7bd5627e-b02e-47f1-b476-4bf8eaa726b3,-2615,2000,-1598,-2371,1995,441,-2439,1850,-1493,2053.553506,,,1940.619746
484,26d549fc-fa1c-4bb7-b30c-5f62bce52004,-1781,0,-455,-1683,0,-767,-1964,75,-518,327.0290507,,,382.8668176
485,af2a0072-e17e-4368-b80b-1359bf6d4647,-800,500,-527,-958,759,-370,-1339,275,-468,341.6050351,,,623.71548
486,94af9073-0914-4323-a90a-5eea1ef5f92c,-2243,-2000,-169,-2186.6,-2099,-169,-1214,-650,-143,113.9384044,,,1745.344596
487,c1229ef6-4fb4-4a1d-91f8-51baeaf9180f,-2888,-1750,-455,-2688,-1758,-608,-2864,-1525,-393,251.9384846,,,362.6154988
488,688606f8-9733-46f2-8331-b2dd84c5d385,449,2250,-1074,767,2358,-714,586,2325,-1143,492.3291582,,,466.7879604
489,eab03c6e-bf98-48d2-8a0c-1887f34dd554,-800,-500,-242,-925,-551,-387,-1089,-600,-143,198.1186513,,,298.0486537
490,9f99bd34-40d4-4aac-ae2b-7bc7f7086ccb,-1755,3000,-1503,-1664,3109.5,-82.1,-1739,3025,-1693,1428.015427,,,1614.857288
491,034a3302-2e81-4b30-aa7d-052531e6e519,920,-4745,-623,920,-4750,-788,186,-4775,-918,165.0757402,,,745.8424767
492,10fb6de3-bc11-44d7-a132-0b5db29802b8,-3154,-3000,-455,-2957,-2818.2,-911.4,-3264,-3325,-568,529.30256,,,684.8494725
493,32e21ee6-9b3a-4eb8-8527-2fea690a00ce,-2871,-3250,-360,-2893,-3289.8,-1131.4,-3164,-3700,-593,772.7392833,,,729.0950555
494,35897454-8702-4dc4-9865-7f01fa65f355,1254,-5750,-836,1266.4,-5760.3,-1114.4,1536,-5800,-893,278.8662941,,,351.1099685
495,be95fb3b-d607-409a-968e-98a3e9bcb577,420,2750,-1359,472,2807,-805,361,2775,-1518,559.3469406,,,722.2977225
496,0ece5c6a-7d1e-4365-893d-ac1cc04f1d7b,787,-5750,-741,802,-5743,-759.1,986,-5925,-693,24.5277394,,,267.112729
497,958b1089-a066-43e2-990d-8aad703429a2,464,1250,-741,461.3,1250,-307,461,975,-668,434.0083985,,,453.8128359
498,92564b0d-7b57-45e1-8ec5-41f95340995e,-800,-1500,-4,-792.3,-1612.9,0,-889,-1625,107,113.2329457,,,144.7283663
499,fddceb2e-82ba-493d-baba-c5d8af65981f,-1743,1000,-761,-1761,1006,-836,-2014,775,-868,77.36278175,,,344.084292
500,ea084e63-c0cb-4e11-8440-302de8fc76ee,1281,2500,-1169,1275,2500,0,1203.551622,2492.125335,-1268,1169.015398,,,1270.035779
501,749cb2b7-e57e-4453-a794-f6230e4d0226,-1281,2500,-1169,-1273,2500,0,-1558.861496,2378.508727,-1293,1169.027374,,,1329.784165
502,eb82b081-4edc-4d6a-89ee-3453d1c4c8f0,-800,-2000,44,-800,-2000,0,-914,-2125,157,44,,,230.8029463
503,3283d8ec-1436-4529-8a16-941bbf65c91d,-800,-2000,44,800,465,-491.9,486,1250,-743,2987.208364,,,881.9706401
504,180d278e-1a49-42da-a624-24aa14b57a4e,-800,-2500,92,-953.9,-2518.3,-9.1,-939,-2475,157,185.0440758,,,172.2965757
505,d14f70e6-bf7b-4d6d-a380-bfd0a46ed7a1,-800,-3250,44,-904.3,-3164.6,206.9,-914,-2875,157,211.4428055,,,294.0276518
506,ce397420-3cd2-4a55-8fd1-5e28321981f4,-2243,-2000,-169,-2233,-2000,-169,-2196.549526,-1822.285777,-118,10,,,188.4462319
507,ce24bbe9-ae70-4659-9e9c-564d1a865de8,454,-4676,0,454,-4676,0,611,-5250,-768,0,,,971.5703783
508,b5d52500-0145-4481-8f9a-c69daa9ebdb8,-804,750,-551,-810,789,-583.2,-1369.271774,482.3916188,-543,50.92975555,,,639.0693672
509,ad7d5c25-7f74-4812-91ef-060a86911421,-1281,1500,-836,-1222.5,1500.3,-857.8,-1726.035324,1580.423367,-1018,62.43060147,,,534.4451479
510,9461e090-fdae-426d-9a36-7348164b771a,-2255,-4000,-217,-2357,-3893.7,-825.8,-2539,-3900,-343,626.3713994,,,516.0034205
511,5f7766ce-8e2e-410c-9195-6bf089fea4fd,-2829,-4750,-694,-2818.6,-4583.8,-1792.3,-2933.445819,-5113.373975,-2043,1110.852596,,,597.0667027
512,be76cfe3-b2bb-4358-956b-0fad07215972,493,-1250,-27,647,-1230,-154,411,-775,-118,200.611565,,,513.825846
513,7cbecb3f-6a8a-48e5-a3be-8f7a762b5a04,-2243,-2000,-169,-2166.7,-2113.2,-1136,-2389,-2650,-143,976.5884138,,,1150.487084
514,6a098711-5423-4072-8909-7cff0e2d4531,986,-5250,-858,1000,-5377,-858,1486,-5350,-993,127.7693234,,,505.1237472
515,642a3373-6fee-4f2a-b8d6-38dd42ada763,2243,-2000,-169,2234,-2000,-936,2211,-2425,-93,767.0528013,,,944.3532178
516,4b93a168-0f3b-4124-88fa-a57046ca70e1,-2243,-2000,-169,-2335,-1924,-820,-2626.840493,-2467.267482,-218,661.846659,,,861.8088131
517,2694aa18-bc02-485a-b9c9-ed8d6e715d63,-800,-2250,92,-800,-2750,92,-857.4543311,-2215.079527,157,500,,,541.9095054
518,67c4b72e-e0e5-4841-9e95-a6220d00615e,-800,-2250,92,-700,1250,0,-1224.498653,715.1531627,-593,3502.636721,,,955.4103706
519,c07d13ed-e387-4457-8e33-1d16aed3fd92,-2243,-2000,-169,-2248.1,-2006.2,0,-2239,-2250,-93,169.190573,,,261.0943316
520,b33e4298-a735-4781-8dea-d7203b4137fb,478,-250,-312,505,-248,-240,986,-125,-293,76.92203845,,,499.2985079
521,d151b391-e6e4-4daf-bd9c-191f4ad837b4,-1768,-2000,-75,-1769,-2072,-249,-1889,-1775,-43,188.3109131,,,380.8477386
522,e3ecccd2-29de-49f5-bd06-54fc7567c90a,-1821,-2250,-27,-1821,-2252,-575,-1814.76781,-2142.584617,7,548.0036496,,,592.2284747
523,ce0dc660-f19e-46a3-94f9-646bebae6805,-3997,-3750,-1169,-3929.8,-3749.9,-2178.1,-4114,-4000,-1543,1011.335088,,,706.9877368
524,ef7e9f3e-a53a-4e00-8f6a-537667af2bea,-4364,-4000,-1678,-4227,-4058.7,-2634.7,-4439,-4375,-2168,968.2404557,,,602.3276351
525,a85b9795-f99c-4c1d-a376-8b5ef095ffd7,-4364,-4000,-1678,-3085.3,500.3,-1375,-3164,450,-1193,4688.238772,,,204.5672994
526,08ed0b3c-9f94-4c1f-8522-3d42a642a6b0,-4364,-4000,-1678,-2896.1,-250.1,-1165.9,-2964,-300,-768,4059.399812,,,406.7245136
527,9edc5d65-cb26-475c-8544-e6d1dacae41d,-800,3000,-1336,-800,3000,-875,-835.4787103,3150.806675,-1643,461,,,783.4700964
528,d7c47ded-7e79-44df-b738-ed0c97c76837,1720,-5750,-1122,1760,-5742,-1624,1736,-6225,-893,503.6546436,,,876.4850255
529,f8ef3dfc-f789-43a1-9015-c82ffa8e7df0,-2829,-4750,-694,-2802,-4622.7,-1174.8,-2689,-4650,-768,498.0993174,,,423.0845424
530,53b58cc3-8d88-4257-aa63-48da088f2091,-1300,-250,-265,-1346.2,-260.8,-223.4,-1446.459416,-372.5392487,-243,63.10023772,,,151.3993734
531,f1c3cf0a-f3ad-479b-8dd2-7d60ab6d03ff,1370,-6000,-932,0,0,0,1411,-5650,-1143,6224.590268,,,5934.633097
532,ecde7e20-f135-47dd-8f96-adac49e4942e,-2692,500,-931,-2692,500,-931,-2648.804998,629.3657497,-1018,0,,,161.7723877
533,f936a701-5f8a-4aa1-b7a9-9f8b5b69bc7c,-2243,-2000,-169,-2247,-2019.8,-457.4,-2180.204467,-2276.228273,-93,289.1065548,,,450.5601651
534,b910cbe2-0c68-40b2-b9f1-268e7c28320a,478,750,-598,478,750,-598,18.63832662,816.5179458,-1018,0,,,625.9694754
535,63a32e5c-f63a-450d-85cb-140947b67eaf,-2243,-2000,-169,-2180,-2008,-602,-2089,-2725,-43,437.6322657,,,913.7018113
536,dce4e63f-7ece-4dae-bd6e-5b116c2fbe37,2195,-5750,-1265,2193,-5750,-1099,2336,-6400,-1343,166.0120478,,,708.8617637
537,5a9f8899-556a-43ea-892d-5e35b969ff38,-1821,-1750,-74,-1808,-1722,-306,-2064,-2075,-43,234.0448675,,,509.2288287
538,a12c8ae8-d5ad-4d15-b805-436ad23e5ad1,-2243,-2000,-169,-1938.2,-2001,-393.4,-2114,-1825,-93,378.4962351,,,390.0279477
539,9373cd09-a591-42be-9343-ed6f06b7056d,-3166,-5000,-1027,-3166,-5000,-1027,-3289,-5325,-1968,0,,,1003.112656
540,0777b1bf-964b-49b7-888b-8a6c9df09c3b,-3166,-5000,-1027,-2243.2,-0.4,-960.9,-2439,75,-668,5084.479247,,,360.2960033
541,9793c99d-f918-4931-8bba-fdb978bd8e0a,-3166,-5000,-1027,493,-3749.9,-498.6,-89,-3600,-1068,3902.593698,,,827.8951443
542,41b9162e-df67-4321-b2e6-02ff851816c5,986,-1250,-49,974,-1250,-257,811,-1275,7,208.3458663,,,311.2715856
543,f03b61b4-6b13-479d-940f-d1608eb275cc,-2243,-2000,-169,-2245,-2002,-445,-2300.207991,-1988.876845,-143,276.0144924,,,307.2851111
544,5fd00035-89d6-4e7c-bb26-f103388b731d,1281,2500,-1169,865.2,2501.7,-860.3,986,2300,-1143,517.8689216,,,367.6884823
545,94761f31-0dfc-4f67-87ef-6d1ac7f95144,-1294,-2000,21,-1693.1,-2358.6,507.8,-1789,-2375,32,724.4646368,,,485.6453541
546,05ccc92c-fcb0-4e92-84d3-de033890c7a8,-2880,-2250,-360,-2614,-2120,-829,-3189,-1550,-543,554.6323106,,,858.6739777
547,7441d0df-ef9b-419b-ae4d-b9bd7c2f17cb,3136,-6750,-1598,2939.9,-6593.4,-2851.1,3136,-6950,-2093,1277.982152,,,860.4268592
548,f31bef35-3f56-4ca9-a34f-09d678f03039,1000,-2750,92,915.6,-2863.1,475.9,661,-2725,157,409.0161122,,,430.8015552
549,e9c04e7e-c075-4ee3-9750-dff255ec7e84,2446,-6500,-1122,2245.8,-6499.9,-2465.8,2461,-6925,-1593,1358.631109,,,994.3846791
550,bf99284f-dc34-4652-baf1-ffaa1cc7fb05,478,-250,-312,509,-257,-321,-514,400,-493,33.03028913,,,1227.909606
551,f4ff3ff8-19b7-40c7-bf6f-8b577b811ed1,-1313,250,-455,-1312.8,231.2,-331.7,-1564,-200,-318,124.7251779,,,499.2219647
552,7d1a2cb6-f482-4059-b596-53087caac8ec,-1300,-3000,92,-1404,-3008,47,-1364,-2500,107,113.6001761,,,513.0925842
553,ece878b9-830d-4618-b801-ad0e7d8e7085,-3577,-3500,-789,-3603.5,-3222.9,-1101.9,-3439,-3550,-718,418.7995583,,,530.5034119
554,acf04c3f-650a-4de0-b0d0-edf695dd2025,-1281,2500,-1169,-1281.1,2456.8,-587.6,-1464,2300,-1218,583.002753,,,674.865031
555,1fa9efcf-def3-40b1-86ae-ca411da98ef2,-3997,-2750,-1026,-3693.9,-2648.9,-1052,-3889,-2975,-943,320.5726439,,,395.3305199
556,443b86e1-e80e-4773-b103-a1c94892d4a1,-1294,-4000,-74,-1469.3,-3940,-930.4,-1862.297855,-4104.085984,-193,876.2140435,,,851.5458205
557,18556afe-2b66-4b2a-88a3-50a76370b4ba,-2704,-2000,-312,-2704,-2000,-312,-2847.395738,-2096.310677,-318,0,,,172.8412102
558,1bf5c05b-3654-4d5c-bac9-2b96edd12adf,-800,2000,-908,-869,1972,-927,-1039,1775,-893,76.85050423,,,262.4214168
559,1d237afc-ac2f-4bac-a163-a397fe09819f,-1313,-1250,-75,-1316,-1254,-594,-1464,-1500,7,519.0240842,,,666.048797
560,5458cb27-d065-4626-bcd8-1aa775e1115e,464,1750,-21,468.1,2224.8,-382.3,436,2075,-1093,596.64859,,,727.0247176
561,bf591043-03c2-48bb-9197-e17e85aaeb8f,-2243,0,598,-2272,71,738.3,-2464,0,-643,159.8939961,,,1396.386297
562,898f8971-31e9-4fdb-b66e-2ae6d3a33a5b,-1294,500,-550,-1294,500,-550,-1392.292248,587.0685601,-593,0,,,138.1712708
563,04690e35-ab38-41db-982c-50cbdf8d0dd1,-1313,-1750,-27,-1317.6,-1845.4,-278.4,-1614,-1875,7,268.9317386,,,412.5315503
564,b46e219c-6a87-4a93-9924-1070841381e9,-2692,-1000,-503,-2667.3,-1009,-161.5,-2736.63062,-1070.037563,-443,342.5103502,,,296.267732
565,5b317361-269c-4a47-83f3-3503ac634303,-2704,-3000,-265,-2704,-3000,-265,-2989,-3250,-393,0,,,400.1362268
566,1784cd4b-2bd0-417f-a530-d57b0ddf5f42,1720,-5750,-1122,1727,-5753,-1431,1786,-5850,-868,309.0938369,,,574.3335268
567,63517fd4-ece1-49eb-9259-371dc30b1dd6,-2243,-2000,-169,-2243,-2000,-169,-2581.46832,-1905.747589,-243,0,,,359.0547602
568,ca5404f7-297c-40f1-bbf0-5ac0a63e24f8,1781,-4000,-122,1781,-4000,-122,1611,-3625,-43,0,,,419.2445587
569,fd555d39-b728-44aa-90d2-796b8bb58300,-804,750,-551,-993.7,877.7,-813.3,-1064,550,-543,347.9865946,,,430.5710975
570,f86e9571-63ff-4116-9c40-aa44d57d2da9,-2243,-2000,-169,-2246,-2000.4,-155.1,-2264,-2200,-93,14.225681,,,209.8107957
571,31f0400a-71f5-436c-ada4-dce50627dc73,-1313,-1750,-27,-1594,-1678,-425,-1189,-1350,7,492.4926395,,,676.9290953
572,78cb9d69-a49a-480f-b182-7f7985a5b1dd,2243,-2000,-169,2247.3,-2000.2,-91.2,2386,-2575,-143,77.9189964,,,593.5621029
573,7f3dddf8-637f-47bb-a7b7-e303277b2107,-2243,-2000,-169,-2218.5,-1965.8,-164.5,-2110.375915,-2956.927982,-43,42.31004609,,,1004.384262
574,bbf6a51e-2999-4982-803f-8769db095dd2,-1141,-5000,-1121,-1245,-5140,-739,-1214,-5050,-818,419.9285654,,,123.701253
575,10f59add-706e-41d0-87ed-9a55eb138a66,3120,-5750,-1693,3102,-5733,-404,3036,-6275,-1643,1289.237759,,,1353.972304
576,caf2170c-5463-46ce-8cd0-66f2e1e3376d,-2704,-4000,-408,-2698,-3999,-1956,-2889,-4425,-743,1548.011951,,,1299.740743
577,1eede5ef-3b4a-4897-8021-2d25a83ab209,1408,-6500,-979,1405.9,-6502.3,-1907.8,2107.372251,-7075.711478,-1593,928.8052218,,,959.1470597
578,8386f396-0a69-48b5-98d4-18801066ea76,978,250,-455,906,410,-455,386,750,-618,175.4536976,,,642.3153431
579,0f306cdc-878a-4ea0-9e91-b97736731637,-1294,-2500,68,-1301,-2591,-280,-1539,-2300,82,359.7693706,,,521.8898351
580,a288f376-631f-4559-873d-1724012bda87,-1321,750,-551,-1314,754,-881,-1314,1525,-868,330.0984702,,,771.1095901
581,b53cc868-008a-4d20-a33a-ea3101be2d34,-2243,-2000,-169,-2245,-1992,-332,-2114,-1275,-168,163.2084557,,,747.0916945
582,c1d71e2e-1b1b-4c74-a38b-2a0e8152400a,978,-750,-170,1020.4,-752.1,-395.7,811,-1350,32,229.6577018,,,764.3690601
583,eb99c2c8-e614-4240-931b-169bed23e9f5,-2243,-1500,-217,-2243,-1500,-217,-2789,-2125,-293,0,,,833.3768655
584,81b1800e-f138-4337-abc9-bb0449b77852,-800,-3000,92,-810.3,-2994.6,-402.7,-714,-2875,157,494.8366801,,,580.3808577
585,47da98a8-f282-4830-92c2-af0e1d4f00e2,-800,-3000,92,1989.5,-6165,-2297.4,2226.329691,-6667.833717,-1393,4848.480959,,,1061.541054
586,d8dae4d0-e11d-4b4d-8bd9-103c13491eb7,-1294,-1500,-27,-1104.6,-1367,-666,-1239,-1425,7,679.6192758,,,688.7353338
587,84bb830f-b9ff-4e6b-9296-f458fb41d160,-2243,-2000,-169,-2380,-2002,-646,-2689,-1775,-293,496.2882227,,,521.1707973
588,ecd07b7e-6450-4e31-bef1-f195129eb3d3,-2896,250,-931,-2896,250,-931,1611,-3625,-43,0,,,6009.760228
589,19e0bf1e-018e-40cb-9acd-af8f0f66bd4a,-3154,-2500,-455,-3154,-2500,-455,1611,-3625,-43,0,,,4913.307847
590,73ff4936-8cd3-4a75-a772-f563e67d249d,-1768,500,-646,-1701.3,-450.8,-1294.9,-1789,500,-643,1153.057128,,,1156.151175
591,ac088ddb-9e1e-49ae-b341-46a8445cf809,478,250,-455,478,250,-685.2,161,400,-668,230.2,,,351.1194099
592,269211d0-7ec9-4a87-a94f-1cf68c56749f,-1300,-3500,44,-1293.1,-3532,-777,-1733.29564,-4150.021079,-218,821.6523657,,,942.4453591
593,583ffb83-85df-4ac7-ae79-ddb7f751fb45,-2243,-2000,-169,-2130.5,-1862.3,-515.9,-2270.590668,-2212.292158,-93,389.816816,,,566.537127
594,d585f4b5-d154-4666-92c4-eb219f1e0f02,2243,-2000,-169,2240.3,-2005.9,-535.8,1936,-2025,-43,366.8573837,,,579.495591
595,eeb27b45-5b85-4e5c-b6ff-f639ca5687de,-2243,-2000,-169,-2244.6,-2003.8,-384,-2514,-1800,-218,215.0395312,,,376.3865035
596,8ab470cc-de5a-4d65-92bd-9a25fbe6d07d,-2243,-2500,-122,-2241,-2502,-376,-2389,-2475,-143,254.0157475,,,277.3481567
597,fe6507ed-7725-467a-9d46-1101c32df1ca,978,-750,-170,974,-749,-199,733.7849662,-980.2135809,-43,29.29163703,,,368.1018642
598,3eda39fe-1d27-49bb-b4a9-5acfad596f6c,-1304,-2250,68,-1304,-2750,68,-1761.120996,-2340.265124,32,500,,,614.9294862
599,d63e4767-a814-4ff2-8421-173c8bff4e22,-1000,800,-500,-1000,800,0,-1240.680013,686.819347,-593,500,,,649.9120931
600,44fc463b-405f-4048-9242-ac018b9f50f7,-2243,-1500,-217,-2243,-1500,-217,-2514,-1450,-268,0,,,280.2534567
601,b76f24ea-95b1-4a0e-95eb-9c39b1283c40,-2704,-3500,-312,-2704,-3500,-312,-2839,-3450,-368,0,,,154.4700618
602,9b61a1e8-1a63-48c2-8dc9-b544a3c1bdee,-1743,1500,-979,-1743,1500,-979,-1914,1575,-1093,0,,,218.7738558
603,0143d3fe-79c2-4922-8332-62c3e4e0ba85,-1300,-3250,44,-1287,-3238,-473,-1349.439722,-3435.048854,57,517.3026194,,,568.8822109
604,f3988aec-b8c7-47d9-b1a0-5334eed7f92c,2421,-6000,-1122,2420,-5973,-1122,2711,-6625,-1593,27.01851217,,,855.3513898
605,45c49ba2-a113-4446-9c6d-9b049c1f9f74,-1304,-250,-265,-1182,-196.6,-29,-1692.581341,-646.061987,-193,270.9825825,,,699.7180745
606,c16b8e98-100f-40ce-b417-b1524c7e1270,-3577,-3500,-789,-3577,-3500,-789,-3689,-3550,-918,0,,,178.002809
607,1a166c4f-4c53-422e-8473-b3cff85e6750,-1294,-2000,21,-1294,-2000,21,-1264,-2550,157,0,,,567.358793
608,6728ddac-63ba-4e63-9884-395c7c16c7a3,-1294,-5500,-836,-1289,-5521,-860,-1389,-5400,-893,32.28002478,,,160.4057356
609,61ed1a53-2f33-4a83-82ba-ec7dfa65bf60,-3413,-3250,-598,-3388,-3279,-652,-3564,-3225,-743,66.19667665,,,205.3606584
610,efd88e2e-7d5c-49a9-b3cd-cf8c19ee91c1,-1846,750,-788,-1845.9,750.1,-1422.5,-2464,875,-1068,634.5000158,,,723.407126
611,41a3b948-13f4-4be7-90b9-150705d39005,-2243,-2000,-169,-2205,-2047.6,-601.3,-2764,-2175,-293,436.5696393,,,650.9690085
612,664600f8-a8b6-416c-adca-3ad7b423f771,-1846,750,-788,-1845.9,750,-788,-2289,525,-818,0.1,,,497.8580219
613,f8d0ecdc-b7bd-44cc-b887-3d544e24e561,-2243,-2000,-169,-2243.1,-3337.2,-169.1,-2289,-2450,-93,1337.200007,,,891.6399834
614,37137b1d-34d4-4183-9796-abfc9ffb6abe,1870,-6500,-837,1824,-6499.3,-2067.9,1936,-6350,-1018,1231.759433,,,1066.360399
615,57c5856a-c7bd-4d0f-87c6-37005b1484aa,1254,-6750,-931,1381,-6762,1281.6,1636,-5800,-868,2216.274297,,,2368.80754
616,769b42dc-acf3-4079-b09e-ec979568d297,-2704,-4000,-408,-2580,-4233,358,-2164,-3750,-168,810.1981239,,,826.4508455
617,72f89097-4836-4b67-a47a-edb3285a6e83,-2243,-2000,-169,-2397.7,-1877.9,-190.1,-2089,-1475,-143,198.206231,,,509.7474963
618,0393f34c-a2bd-4c01-99c9-f6b4ec6e786d,-1768,-2000,-75,-1920.7,-1975.5,-86.8,-2153.751454,-2396.995079,-68,155.1024822,,,482.0005411
619,4762e8ed-4d94-4fd7-9522-e927f5ffca74,-1821,-2250,-27,-1864.6,-2354.1,-134.6,-2382.536213,-2742.754795,-143,155.9343772,,,647.5963481
620,091392a5-73f6-40f3-8552-fa917cf96deb,478,-750,-170,478,-750,-170,486,-475,-193,0,,,276.0760765
621,d258bca2-bf18-4491-8d57-5322f705caec,-2192,1500,-1169,-2192,1500,-1169,-2249.849513,1800.130305,-1343,0,,,351.7111968
622,04c140d4-9782-4f85-8636-75c98ff6f326,-800,-1000,-99,-957.5,-873.9,-121.1,-1298.704561,-1026.545052,-43,202.9676575,,,381.8647332
623,79628a45-c2e3-4206-97df-4c91edaff90f,-2204,1000,-979,-2208.6,1012,-676.9,-2264,550,-818,302.3732296,,,486.2328352
624,396a41bc-78fc-4fc5-b559-b83a5cdb86fd,-800,2500,-1098,-800,1500,0,-689,2700,-1343,1485.127604,,,1804.430658
625,9f526c8a-8d00-435f-b167-241921b318f9,-1313,-1250,-75,-1304,-2250,0,-1705.678108,-865.5620807,-143,1002.848942,,,1448.607143
626,2d2cdf86-4a0c-42d8-aed3-5b187f160013,-1855,1250,-932,-1810.2,1241.6,-491.6,-1914,725,-793,442.7524816,,,607.0353861
627,8169d556-f994-4735-b4c8-f7c85ddc39b0,2243,-2000,-169,2235,-2000,-248.4,2036,-2500,-43,79.80200499,,,576.0122915
628,ae2b9f1b-ebe3-4b56-8957-31982186e6ec,-1281,1000,-693,-1326,1170.9,-149.1,-1414,1075,-743,571.8907413,,,607.9950822
629,69f42a9c-095d-4a25-bca8-61a9869871d3,-2243,-2000,-169,-2265.6,-2006,-146.4,-2417.083156,-2343.974636,-143,32.51953259,,,370.3856928
630,ea931b15-6214-4b80-8d88-7acbbe071bc0,1294,-4000,-74,1149.6,-3849.2,0,1911,-3650,-93,221.5129793,,,792.5021136
631,c536b0a9-b710-43c3-ba2c-5a0cccf98ec2,-2355,-1250,-313,-2295.9,-1719.8,-470.7,-2389,-1900,-168,499.0732812,,,364.3719803
632,8185f1e9-cfe0-4fd6-8d7e-446a8051c588,-2243,-2000,-169,-2243.1,-1999.9,-739.2,-2014,-2125,-43,570.2000175,,,743.5262336
633,ad292781-8f17-413c-9c19-4a2087ab976a,-2304,-2450,-265,-2304,-2449.9,-1138.6,-2515.938823,-2750.574769,-168,873.6000057,,,1037.9729
634,882a7322-d4f4-4170-bbc1-029f9c3be4f9,-2355,-1250,-313,0,0,0,-3039,-625,-693,2684.491386,,,3179.055677
635,c4f6665f-8be5-476b-a6e8-d81eeae9279d,-2243,-2000,-169,-2243,-2000,-169,-2408.54778,-2444.126015,-143,0,,,474.6893565
636,5c278ffe-6452-4c36-b17f-2050c74e13b1,-2355,-750,-408,-2355,-750,-408,-2386.057954,-659.8810799,-393,0,,,96.49360751
637,11a5a93e-58a9-4ed0-995e-52279ec16b98,-2243,-2000,-169,-2159,-1687.9,701,-2361.854976,-1724.761437,-193,928.0961211,,,917.4665699
638,986fabf3-e366-4ce0-afa9-1b37c17eb730,0,0,0,0,0,0,0,0,0,0,,,0
639,818d2996-766a-4fd9-82b8-7e4cb080af0e,-3141,-1000,-693,-3141,-1000,-693,-3264,-1125,-668,0,,,177.1411866
640,099c0519-640b-4eb7-867c-998dc337579d,-3577,-1500,-836,-3560,-1501,-1121,-3648.180824,-2036.34211,-768,285.5083186,,,647.2835799
641,df6012d0-d921-4d0a-af2a-2a91030d0f42,449,-4750,-694,439,-4732,-1671,162.1699712,-5316.783626,-918,977.2169667,,,992.7818259
642,2a7caaa4-1710-49a1-ade4-db0a986ae6f5,-1273,1498,-1014,-1281,1500,-836,-1605.870074,1895.315459,-1093,178.1909089,,,572.5939899
643,8aba5f8c-4438-4588-9bb0-b20d2fd3eca5,-800,2500,-1098,-969.8,2167.4,-753.1,-989,3000,-1493,508.3412338,,,1114.021279
644,1d1f11e4-fa84-43b4-9b89-f2ac777b8d96,493,-1750,21,553.3,1919,118.3,286,-1550,-18,3670.785254,,,3481.951749
645,eab93ab0-26e3-4bd9-9c53-9f81c35172f4,-2704,-3000,-265,-2531,-1901,-128,-3031.700646,-2750.799519,-393,1120.936662,,,1021.315504
646,dc1df924-2fc5-4f0e-b7f3-aeb41854ace5,2253,-2500,-122,2803,-1517,-201,2639.240887,-2440.089849,-243,1129.172263,,,938.4433479
647,2c7b7191-cb21-4f4e-ac8f-3345803337f7,800,-3500,44,1106,-3580,0,1324.114725,-3429.76121,57,319.3305497,,,270.9146122
648,bdb3e4f0-35fa-4a05-82f4-75a885f2f83b,-794,-4000,-74,-1043,-3751,-8,-675.4809809,-3597.911104,-43,358.2708473,,,399.6641585
649,6452af8b-b05d-4b91-ac8f-1a2b1fc80dd6,-2896,250,-931,-2984.3,274.5,-1150.8,-3189,350,-1168,238.1368934,,,218.8565283
650,15065eaf-466f-4c5d-b4aa-a7fe4f94be62,-1300,-3000,92,-1500,-3148,-448,-1148.281335,-2998.707665,157,594.5620237,,,715.5551834
651,ae6da90c-0e3e-4cfb-bed1-1d57ce4d2480,1300,-3000,92,1478,-3107,-68,1701.035291,-2997.45743,7,262.1697923,,,259.5559975
652,2adc4f5d-bc7b-42a4-be76-f5df33d713d4,-2896,-250,-788,-2643.3,-206.5,856,-2839,-75,-793,1663.87666,,,1665.770614
653,1baf8347-6f43-4504-919a-883366e0e03a,993,-250,-265,-1013.6,-147,-572,736,-475,-193,2032.560346,,,1819.979439
654,45e7731f-4a43-45d5-9029-c080150bc596,800,1500,-765,731,1573,0,961,1850,-943,771.5665882,,,1009.394868
655,44fc10b1-ec82-4f88-afbf-10a6f8a1b5d8,-2243,-2000,-169,-2233.8,-2057,599,-2364,-2125,-143,770.1672805,,,756.3993919
656,b721156e-7a7c-48ad-aadb-7fd2cd2ac40b,986,-5250,-858,960,-5261.7,1376.4,1161,-5150,-818,2234.581896,,,2206.415475
657,c0c3bcca-6a79-47ef-becb-b1a157a3f2cb,800,-3500,44,890,-3533,0,864.0160915,-3885.504252,-93,105.4751155,,,365.4906443
658,f0dfd1c1-d315-4cf8-9130-05d3be2ea0cb,-846,-4750,-788,-856.2,-4811.9,241,-964,-5175,-768,1030.910593,,,1077.749252
659,6f9b1f0f-4dd5-4c01-88fe-887c68bf169b,-1821,-2750,-27,-2305,-2206,0,-2734.836392,-2384.345445,-243,728.6432598,,,524.9908773
660,530f1670-9412-44ac-afdb-935d46bcaad3,1781,-4000,-122,1767.5,-3901.7,55.4,1486,-3600,7,203.26313,,,415.4608285
661,9150758e-1390-41d1-b426-96675e60dbea,1781,-3500,-27,1543,-3590.6,0,1886,-3400,-43,256.0885784,,,394.7484769
662,aac3b928-e99a-4039-ace1-af45d0130d82,-4006,-1750,-1122,-4165.6,-1804.9,2954.6,-2914,-1725,-393,4080.092368,,,3574.816405
663,31811232-52ef-456c-9772-5021c00b2bc9,2704,-2500,-265,2764,-1996,-89,2816.170336,-2289.419468,-343,537.2075949,,,391.5772312
664,df350b09-a420-42bb-9952-17862cbb9f1c,-1281,2500,-1169,-1207.3,2491.6,-2442,-1264,2475,-1243,1275.159304,,,1200.454685
665,46448da7-ad7b-4ca8-b3ab-2d1d47439cbf,1300,-3000,92,1419,-3102,0,1311,-3800,-43,181.7388236,,,707.6135951
666,15a2a63f-739d-4eb0-ab8f-fc95b6299b68,-800,-3500,44,-779,-3355,0,-1289,-3900,-93,152.9771225,,,752.1794999
667,adca9242-0725-41d4-8eb1-5655a464431d,-800,1000,-622,-789,1072,0,-839,1250,-743,626.2499501,,,765.6585401
668,03fc9668-046c-445f-953a-ee9258520ea0,1408,-6500,-979,1537.2,-6521,2235,1286,-6375,-918,3216.664365,,,3166.358546
669,50445b30-f4ef-4405-b014-1d792ddfed88,-1294,-4000,-74,-1275.3,-4034.7,1980.7,-1839,-4425,-368,2055.078069,,,2446.729137
670,aab5be05-5c1c-4c08-9739-1274bc3bcf4f,-800,-2250,92,-815.4,-2432.9,0,-724.5387147,-2314.663552,157,205.3133459,,,216.5285911
671,70da415f-444d-4148-ade7-a1f58a16fcf8,-2243,-2000,-169,-2284.6,-2079.2,-451,-2664,-2000,-243,295.849962,,,439.8647519
672,f44d2056-644c-4769-a189-7efe67b0269d,-800,-2750,92,-702.2,-2673.7,-313,-562.9674215,-2495.848843,157,423.5699824,,,521.456369
673,72274871-80e5-4fb9-be1a-bb04acebb1de,-3577,-4000,-884,-3973.8,-3835.2,-1445.6,-3989,-3625,-1218,707.1094965,,,310.1883944
674,465edf04-1804-4529-9fd9-aed61dd88253,493,-1750,21,486.9,-1796.8,1077.6,305.8375626,-1999.398469,57,1057.65354,,,1056.150608
675,b529f2d8-cdae-4d59-aba2-cbd1b5572e36,800,-6750,-670,739,-6721.2,4000,761,-7200,-1318,4670.487174,,,5339.555922
676,e018f54c-e404-4232-8cb3-119ac1b2c7f1,800,1000,-622,544,1285,0,595.02539,1616.484692,-868,730.5100958,,,930.5426865
677,a8adabd7-7979-4fcf-99e7-d9bd9d27896f,-813,1250,-693,-754,1251,938,-789,1350,-743,1632.067094,,,1684.276402
678,d237c5ea-677f-4535-b101-02065b860e09,-2243,-2000,-169,-2217.2,-2100.4,598,-2464,-2050,-193,773.9733846,,,830.1393859
679,3017e4dc-2150-43ad-9b08-b95b48ba8dfa,-1821,-1750,-74,-1828.9,-1749.1,-384,-2014,-1700,-93,310.101951,,,348.3587519
680,625a7bc9-00cf-44f6-a508-3ed89d23ba3a,-4364,-4000,-1678,-4123.6,-4029.8,-1778.4,-4114,-3750,-1418,262.221967,,,456.3642843
,,,,,,,,,,,0,,,0
